Name,TLB,Size,Alignment
Memory_Section_User_TLB_DDR_6_3_16,User_TLB_DDR_6_3,0x57e,0x4
Memory_Section_User_TLB_DDR_6_3_35,User_TLB_DDR_6_3,0x863,0x4
Memory_Section_User_TLB_DDR_6_3_15,User_TLB_DDR_6_3,0xb42,0x4
Memory_Section_User_TLB_DDR_6_3_3,User_TLB_DDR_6_3,0x49a,0x10
Memory_Section_User_TLB_DDR_6_3_11,User_TLB_DDR_6_3,0x6ef,0x10
Memory_Section_User_TLB_DDR_6_3_21,User_TLB_DDR_6_3,0x841,0x10
Memory_Section_User_TLB_DDR_6_3_10,User_TLB_DDR_6_3,0xa97,0x10
Memory_Section_User_TLB_DDR_6_3_17,User_TLB_DDR_6_3,0xaca,0x10
Memory_Section_User_TLB_DDR_6_3_23,User_TLB_DDR_6_3,0x6bd,0x40
Memory_Section_User_TLB_DDR_6_3_27,User_TLB_DDR_6_3,0xa4d,0x40
Memory_Section_User_TLB_DDR_6_3_36,User_TLB_DDR_6_3,0x425,0x100
Memory_Section_User_TLB_DDR_6_3_2,User_TLB_DDR_6_3,0x4a4,0x100
Memory_Section_User_TLB_DDR_6_3_12,User_TLB_DDR_6_3,0x5a4,0x100
Memory_Section_User_TLB_DDR_6_3_4,User_TLB_DDR_6_3,0x62c,0x100
Memory_Section_User_TLB_DDR_6_3_9,User_TLB_DDR_6_3,0x66b,0x100
Memory_Section_User_TLB_DDR_6_3_31,User_TLB_DDR_6_3,0x84f,0x100
Memory_Section_User_TLB_DDR_6_3_29,User_TLB_DDR_6_3,0x998,0x100
Memory_Section_User_TLB_DDR_6_3_20,User_TLB_DDR_6_3,0xa96,0x100
Memory_Section_User_TLB_DDR_6_3_30,User_TLB_DDR_6_3,0x107,0x1000
Memory_Section_User_TLB_DDR_6_3_5,User_TLB_DDR_6_3,0xc44,0x100
Memory_Section_User_TLB_DDR_6_3_22,User_TLB_DDR_6_3,0x1e9,0x1000
Memory_Section_User_TLB_DDR_6_3_25,User_TLB_DDR_6_3,0x125,0x400
Memory_Section_User_TLB_DDR_6_3_14,User_TLB_DDR_6_3,0x491,0x400
Memory_Section_User_TLB_DDR_6_3_13,User_TLB_DDR_6_3,0x1f0,0x1000
Memory_Section_User_TLB_DDR_6_3_0,User_TLB_DDR_6_3,0xa28,0x400
Memory_Section_User_TLB_DDR_6_3_24,User_TLB_DDR_6_3,0x265,0x1000
Memory_Section_User_TLB_DDR_6_3_8,User_TLB_DDR_6_3,0xb82,0x400
Memory_Section_User_TLB_DDR_6_3_18,User_TLB_DDR_6_3,0x39f,0x1000
Memory_Section_User_TLB_DDR_6_3_37,User_TLB_DDR_6_3,0x558,0x400
Memory_Section_User_TLB_DDR_6_3_34,User_TLB_DDR_6_3,0x7e9,0x1000
Memory_Section_User_TLB_DDR_6_3_6,User_TLB_DDR_6_3,0x1ad,0x400
Memory_Section_User_TLB_DDR_6_3_26,User_TLB_DDR_6_3,0xbc9,0x1000
Memory_Section_User_TLB_DDR_6_3_19,User_TLB_DDR_6_3,0xe,0x100
Memory_Section_User_TLB_DDR_6_3_7,User_TLB_DDR_6_3,0xc3a,0x1000
Memory_Section_User_TLB_DDR_6_4_19,User_TLB_DDR_6_4,0x7d2,0x4
Memory_Section_User_TLB_DDR_6_4_18,User_TLB_DDR_6_4,0x848,0x4
Memory_Section_User_TLB_DDR_6_4_12,User_TLB_DDR_6_4,0x711,0x10
Memory_Section_User_TLB_DDR_6_4_3,User_TLB_DDR_6_4,0x9f3,0x10
Memory_Section_User_TLB_DDR_6_4_1,User_TLB_DDR_6_4,0x396,0x40
Memory_Section_User_TLB_DDR_6_4_28,User_TLB_DDR_6_4,0x3ae,0x40
Memory_Section_User_TLB_DDR_6_4_23,User_TLB_DDR_6_4,0x426,0x40
Memory_Section_User_TLB_DDR_6_4_16,User_TLB_DDR_6_4,0x475,0x40
Memory_Section_User_TLB_DDR_6_4_13,User_TLB_DDR_6_4,0x4a0,0x40
Memory_Section_User_TLB_DDR_6_4_11,User_TLB_DDR_6_4,0x642,0x40
Memory_Section_User_TLB_DDR_6_4_17,User_TLB_DDR_6_4,0x7bc,0x40
Memory_Section_User_TLB_DDR_6_4_33,User_TLB_DDR_6_4,0xa21,0x40
Memory_Section_User_TLB_DDR_6_4_26,User_TLB_DDR_6_4,0x51a,0x100
Memory_Section_User_TLB_DDR_6_4_9,User_TLB_DDR_6_4,0x599,0x100
Memory_Section_User_TLB_DDR_6_4_21,User_TLB_DDR_6_4,0x985,0x100
Memory_Section_User_TLB_DDR_6_4_22,User_TLB_DDR_6_4,0xa69,0x100
Memory_Section_User_TLB_DDR_6_4_38,User_TLB_DDR_6_4,0x66a,0x400
Memory_Section_User_TLB_DDR_6_4_31,User_TLB_DDR_6_4,0x905,0x400
Memory_Section_User_TLB_DDR_6_4_35,User_TLB_DDR_6_4,0x94c,0x400
Memory_Section_User_TLB_DDR_6_4_4,User_TLB_DDR_6_4,0x260,0x1000
Memory_Section_User_TLB_DDR_6_4_39,User_TLB_DDR_6_4,0xbe2,0x400
Memory_Section_User_TLB_DDR_6_4_7,User_TLB_DDR_6_4,0x3a4,0x1000
Memory_Section_User_TLB_DDR_6_4_10,User_TLB_DDR_6_4,0x6b9,0x400
Memory_Section_User_TLB_DDR_6_4_14,User_TLB_DDR_6_4,0x293,0x100
Memory_Section_User_TLB_DDR_6_4_30,User_TLB_DDR_6_4,0x423,0x1000
Memory_Section_User_TLB_DDR_6_4_15,User_TLB_DDR_6_4,0x7ed,0x400
Memory_Section_User_TLB_DDR_6_4_24,User_TLB_DDR_6_4,0x6d8,0x1000
Memory_Section_User_TLB_DDR_6_4_27,User_TLB_DDR_6_4,0x619,0x100
Memory_Section_User_TLB_DDR_6_4_6,User_TLB_DDR_6_4,0x8ff,0x1000
Memory_Section_User_TLB_DDR_6_4_32,User_TLB_DDR_6_4,0x2b1,0x400
Memory_Section_User_TLB_DDR_6_4_20,User_TLB_DDR_6_4,0x1c5,0x40
Memory_Section_User_TLB_DDR_6_4_0,User_TLB_DDR_6_4,0x97b,0x1000
Memory_Section_User_TLB_DDR_6_4_37,User_TLB_DDR_6_4,0x360,0x400
Memory_Section_User_TLB_DDR_6_4_8,User_TLB_DDR_6_4,0xd8,0x10
Memory_Section_User_TLB_DDR_6_4_25,User_TLB_DDR_6_4,0xad1,0x1000
Memory_Section_User_TLB_DDR_6_4_34,User_TLB_DDR_6_4,0x2c5,0x100
Memory_Section_User_TLB_DDR_6_4_29,User_TLB_DDR_6_4,0xc64,0x1000
Memory_Section_User_TLB_DDR_6_0_3,User_TLB_DDR_6_0,0x47d,0x4
Memory_Section_User_TLB_DDR_6_0_18,User_TLB_DDR_6_0,0x4a1,0x4
Memory_Section_User_TLB_DDR_6_0_22,User_TLB_DDR_6_0,0x50a,0x4
Memory_Section_User_TLB_DDR_6_0_44,User_TLB_DDR_6_0,0x6a9,0x4
Memory_Section_User_TLB_DDR_6_0_1,User_TLB_DDR_6_0,0x7e2,0x4
Memory_Section_User_TLB_DDR_6_0_27,User_TLB_DDR_6_0,0x5b0,0x10
Memory_Section_User_TLB_DDR_6_0_5,User_TLB_DDR_6_0,0x8f5,0x10
Memory_Section_User_TLB_DDR_6_0_42,User_TLB_DDR_6_0,0x9f2,0x10
Memory_Section_User_TLB_DDR_6_0_0,User_TLB_DDR_6_0,0xb56,0x10
Memory_Section_User_TLB_DDR_6_0_17,User_TLB_DDR_6_0,0x41b,0x40
Memory_Section_User_TLB_DDR_6_0_25,User_TLB_DDR_6_0,0x51f,0x40
Memory_Section_User_TLB_DDR_6_0_11,User_TLB_DDR_6_0,0x672,0x40
Memory_Section_User_TLB_DDR_6_0_21,User_TLB_DDR_6_0,0x6c5,0x40
Memory_Section_User_TLB_DDR_6_0_35,User_TLB_DDR_6_0,0x9d6,0x40
Memory_Section_User_TLB_DDR_6_0_13,User_TLB_DDR_6_0,0xa5d,0x40
Memory_Section_User_TLB_DDR_6_0_14,User_TLB_DDR_6_0,0x3c3,0x100
Memory_Section_User_TLB_DDR_6_0_33,User_TLB_DDR_6_0,0x5c9,0x100
Memory_Section_User_TLB_DDR_6_0_46,User_TLB_DDR_6_0,0x5d3,0x100
Memory_Section_User_TLB_DDR_6_0_12,User_TLB_DDR_6_0,0xac2,0x100
Memory_Section_User_TLB_DDR_6_0_41,User_TLB_DDR_6_0,0x6,0x400
Memory_Section_User_TLB_DDR_6_0_6,User_TLB_DDR_6_0,0x121,0x400
Memory_Section_User_TLB_DDR_6_0_9,User_TLB_DDR_6_0,0x321,0x10
Memory_Section_User_TLB_DDR_6_0_26,User_TLB_DDR_6_0,0x43e,0x400
Memory_Section_User_TLB_DDR_6_0_10,User_TLB_DDR_6_0,0xaee,0x400
Memory_Section_User_TLB_DDR_6_0_32,User_TLB_DDR_6_0,0xbaa,0x400
Memory_Section_User_TLB_DDR_6_0_4,User_TLB_DDR_6_0,0xbc5,0x400
Memory_Section_User_TLB_DDR_6_0_37,User_TLB_DDR_6_0,0x4e8,0x1000
Memory_Section_User_TLB_DDR_6_0_38,User_TLB_DDR_6_0,0x240,0x40
Memory_Section_User_TLB_DDR_6_0_34,User_TLB_DDR_6_0,0x52d,0x400
Memory_Section_User_TLB_DDR_6_0_2,User_TLB_DDR_6_0,0x60a,0x1000
Memory_Section_User_TLB_DDR_6_0_28,User_TLB_DDR_6_0,0x6da,0x400
Memory_Section_User_TLB_DDR_6_0_43,User_TLB_DDR_6_0,0x652,0x1000
Memory_Section_User_TLB_DDR_6_0_29,User_TLB_DDR_6_0,0x1be,0x100
Memory_Section_User_TLB_DDR_6_0_15,User_TLB_DDR_6_0,0x18c,0x400
Memory_Section_User_TLB_DDR_6_0_31,User_TLB_DDR_6_0,0xd8,0x40
Memory_Section_User_TLB_DDR_6_0_20,User_TLB_DDR_6_0,0xa5b,0x1000
Memory_Section_User_TLB_DDR_6_0_36,User_TLB_DDR_6_0,0x229,0x100
Memory_Section_User_TLB_DDR_6_0_24,User_TLB_DDR_6_0,0x2f,0x10
Memory_Section_User_TLB_DDR_6_0_16,User_TLB_DDR_6_0,0x6c,0x40
Memory_Section_User_TLB_DDR_6_0_23,User_TLB_DDR_6_0,0xc38,0x1000
Memory_Section_User_TLB_DDR_6_2_35,User_TLB_DDR_6_2,0xa05,0x4
Memory_Section_User_TLB_DDR_6_2_27,User_TLB_DDR_6_2,0xa36,0x4
Memory_Section_User_TLB_DDR_6_2_24,User_TLB_DDR_6_2,0xb9c,0x4
Memory_Section_User_TLB_DDR_6_2_0,User_TLB_DDR_6_2,0x64a,0x10
Memory_Section_User_TLB_DDR_6_2_33,User_TLB_DDR_6_2,0x78d,0x10
Memory_Section_User_TLB_DDR_6_2_17,User_TLB_DDR_6_2,0x804,0x10
Memory_Section_User_TLB_DDR_6_2_15,User_TLB_DDR_6_2,0x82e,0x40
Memory_Section_User_TLB_DDR_6_2_9,User_TLB_DDR_6_2,0xa66,0x40
Memory_Section_User_TLB_DDR_6_2_16,User_TLB_DDR_6_2,0xaf6,0x40
Memory_Section_User_TLB_DDR_6_2_12,User_TLB_DDR_6_2,0xc05,0x40
Memory_Section_User_TLB_DDR_6_2_19,User_TLB_DDR_6_2,0xc5f,0x40
Memory_Section_User_TLB_DDR_6_2_28,User_TLB_DDR_6_2,0x8d8,0x100
Memory_Section_User_TLB_DDR_6_2_11,User_TLB_DDR_6_2,0xd0,0x1000
Memory_Section_User_TLB_DDR_6_2_3,User_TLB_DDR_6_2,0x3ed,0x40
Memory_Section_User_TLB_DDR_6_2_36,User_TLB_DDR_6_2,0xaf9,0x100
Memory_Section_User_TLB_DDR_6_2_21,User_TLB_DDR_6_2,0xe8,0x1000
Memory_Section_User_TLB_DDR_6_2_34,User_TLB_DDR_6_2,0xb35,0x100
Memory_Section_User_TLB_DDR_6_2_2,User_TLB_DDR_6_2,0x160,0x1000
Memory_Section_User_TLB_DDR_6_2_22,User_TLB_DDR_6_2,0x482,0x40
Memory_Section_User_TLB_DDR_6_2_8,User_TLB_DDR_6_2,0x56f,0x400
Memory_Section_User_TLB_DDR_6_2_18,User_TLB_DDR_6_2,0x218,0x1000
Memory_Section_User_TLB_DDR_6_2_30,User_TLB_DDR_6_2,0x9b6,0x400
Memory_Section_User_TLB_DDR_6_2_26,User_TLB_DDR_6_2,0x245,0x1000
Memory_Section_User_TLB_DDR_6_2_4,User_TLB_DDR_6_2,0xb7b,0x400
Memory_Section_User_TLB_DDR_6_2_7,User_TLB_DDR_6_2,0x334,0x1000
Memory_Section_User_TLB_DDR_6_2_32,User_TLB_DDR_6_2,0x727,0x400
Memory_Section_User_TLB_DDR_6_2_10,User_TLB_DDR_6_2,0x140,0x10
Memory_Section_User_TLB_DDR_6_2_13,User_TLB_DDR_6_2,0x43e,0x1000
Memory_Section_User_TLB_DDR_6_2_5,User_TLB_DDR_6_2,0x647,0x40
Memory_Section_User_TLB_DDR_6_2_6,User_TLB_DDR_6_2,0x84e,0x1000
Memory_Section_User_TLB_DDR_6_2_1,User_TLB_DDR_6_2,0x4d3,0x40
Memory_Section_User_TLB_DDR_6_2_20,User_TLB_DDR_6_2,0xa74,0x1000
Memory_Section_User_TLB_DDR_6_2_25,User_TLB_DDR_6_2,0x27c,0x10
Memory_Section_User_TLB_DDR_6_2_14,User_TLB_DDR_6_2,0x64,0x400
Memory_Section_User_TLB_DDR_6_2_23,User_TLB_DDR_6_2,0x55,0x40
Memory_Section_User_TLB_DDR_6_2_31,User_TLB_DDR_6_2,0xdb,0x40
Memory_Section_User_TLB_DDR_6_2_29,User_TLB_DDR_6_2,0xa75,0x1000
Memory_Section_User_TLB_DDR_5_1_39,User_TLB_DDR_5_1,0xb65,0x4
Memory_Section_User_TLB_DDR_5_1_6,User_TLB_DDR_5_1,0x1181,0x4
Memory_Section_User_TLB_DDR_5_1_17,User_TLB_DDR_5_1,0x11ff,0x4
Memory_Section_User_TLB_DDR_5_1_26,User_TLB_DDR_5_1,0x124b,0x4
Memory_Section_User_TLB_DDR_5_1_11,User_TLB_DDR_5_1,0x2346,0x4
Memory_Section_User_TLB_DDR_5_1_8,User_TLB_DDR_5_1,0x5f8,0x10
Memory_Section_User_TLB_DDR_5_1_32,User_TLB_DDR_5_1,0x10d7,0x10
Memory_Section_User_TLB_DDR_5_1_9,User_TLB_DDR_5_1,0x1e91,0x10
Memory_Section_User_TLB_DDR_5_1_7,User_TLB_DDR_5_1,0x287a,0x10
Memory_Section_User_TLB_DDR_5_1_29,User_TLB_DDR_5_1,0x327d,0x10
Memory_Section_User_TLB_DDR_5_1_18,User_TLB_DDR_5_1,0x11f2,0x40
Memory_Section_User_TLB_DDR_5_1_37,User_TLB_DDR_5_1,0x1285,0x40
Memory_Section_User_TLB_DDR_5_1_25,User_TLB_DDR_5_1,0x14f5,0x40
Memory_Section_User_TLB_DDR_5_1_35,User_TLB_DDR_5_1,0x1810,0x40
Memory_Section_User_TLB_DDR_5_1_34,User_TLB_DDR_5_1,0x21f2,0x40
Memory_Section_User_TLB_DDR_5_1_13,User_TLB_DDR_5_1,0x2b32,0x40
Memory_Section_User_TLB_DDR_5_1_12,User_TLB_DDR_5_1,0x2f81,0x40
Memory_Section_User_TLB_DDR_5_1_15,User_TLB_DDR_5_1,0x1425,0x100
Memory_Section_User_TLB_DDR_5_1_33,User_TLB_DDR_5_1,0x1672,0x100
Memory_Section_User_TLB_DDR_5_1_19,User_TLB_DDR_5_1,0x2a48,0x100
Memory_Section_User_TLB_DDR_5_1_3,User_TLB_DDR_5_1,0x30ff,0x100
Memory_Section_User_TLB_DDR_5_1_14,User_TLB_DDR_5_1,0x3110,0x100
Memory_Section_User_TLB_DDR_5_1_16,User_TLB_DDR_5_1,0x148b,0x400
Memory_Section_User_TLB_DDR_5_1_0,User_TLB_DDR_5_1,0x1bdf,0x400
Memory_Section_User_TLB_DDR_5_1_27,User_TLB_DDR_5_1,0x1cac,0x400
Memory_Section_User_TLB_DDR_5_1_1,User_TLB_DDR_5_1,0x1cee,0x400
Memory_Section_User_TLB_DDR_5_1_23,User_TLB_DDR_5_1,0x20f8,0x400
Memory_Section_User_TLB_DDR_5_1_2,User_TLB_DDR_5_1,0x2fc3,0x400
Memory_Section_User_TLB_DDR_5_1_28,User_TLB_DDR_5_1,0x11fe,0x1000
Memory_Section_User_TLB_DDR_5_1_30,User_TLB_DDR_5_1,0x66c,0x40
Memory_Section_User_TLB_DDR_5_1_4,User_TLB_DDR_5_1,0x15de,0x1000
Memory_Section_User_TLB_DDR_5_1_24,User_TLB_DDR_5_1,0x75b,0x100
Memory_Section_User_TLB_DDR_5_1_31,User_TLB_DDR_5_1,0x16c8,0x1000
Memory_Section_User_TLB_DDR_5_1_22,User_TLB_DDR_5_1,0x2abc,0x1000
Memory_Section_User_TLB_DDR_5_1_38,User_TLB_DDR_5_1,0x79f,0x100
Memory_Section_User_TLB_DDR_5_1_21,User_TLB_DDR_5_1,0x11c,0x400
Memory_Section_User_TLB_DDR_5_1_36,User_TLB_DDR_5_1,0x164,0x100
Memory_Section_User_TLB_DDR_5_1_20,User_TLB_DDR_5_1,0x304b,0x1000
Memory_Section_User_TLB_DDR_5_4_26,User_TLB_DDR_5_4,0x18ef,0x4
Memory_Section_User_TLB_DDR_5_4_20,User_TLB_DDR_5_4,0x1b9b,0x4
Memory_Section_User_TLB_DDR_5_4_1,User_TLB_DDR_5_4,0x1ec0,0x4
Memory_Section_User_TLB_DDR_5_4_17,User_TLB_DDR_5_4,0x2055,0x4
Memory_Section_User_TLB_DDR_5_4_21,User_TLB_DDR_5_4,0x2187,0x4
Memory_Section_User_TLB_DDR_5_4_8,User_TLB_DDR_5_4,0x2dfb,0x4
Memory_Section_User_TLB_DDR_5_4_15,User_TLB_DDR_5_4,0x3326,0x4
Memory_Section_User_TLB_DDR_5_4_37,User_TLB_DDR_5_4,0xa01,0x10
Memory_Section_User_TLB_DDR_5_4_6,User_TLB_DDR_5_4,0x2c2b,0x10
Memory_Section_User_TLB_DDR_5_4_30,User_TLB_DDR_5_4,0x1853,0x40
Memory_Section_User_TLB_DDR_5_4_24,User_TLB_DDR_5_4,0x195e,0x40
Memory_Section_User_TLB_DDR_5_4_36,User_TLB_DDR_5_4,0x3138,0x40
Memory_Section_User_TLB_DDR_5_4_0,User_TLB_DDR_5_4,0xafd,0x100
Memory_Section_User_TLB_DDR_5_4_38,User_TLB_DDR_5_4,0x1a7c,0x100
Memory_Section_User_TLB_DDR_5_4_23,User_TLB_DDR_5_4,0x22f6,0x100
Memory_Section_User_TLB_DDR_5_4_40,User_TLB_DDR_5_4,0x2455,0x100
Memory_Section_User_TLB_DDR_5_4_14,User_TLB_DDR_5_4,0x263c,0x100
Memory_Section_User_TLB_DDR_5_4_32,User_TLB_DDR_5_4,0x26a2,0x100
Memory_Section_User_TLB_DDR_5_4_19,User_TLB_DDR_5_4,0x3279,0x100
Memory_Section_User_TLB_DDR_5_4_10,User_TLB_DDR_5_4,0x2a1f,0x400
Memory_Section_User_TLB_DDR_5_4_13,User_TLB_DDR_5_4,0x2e34,0x400
Memory_Section_User_TLB_DDR_5_4_18,User_TLB_DDR_5_4,0x314c,0x400
Memory_Section_User_TLB_DDR_5_4_7,User_TLB_DDR_5_4,0x332b,0x400
Memory_Section_User_TLB_DDR_5_4_35,User_TLB_DDR_5_4,0x25d,0x1000
Memory_Section_User_TLB_DDR_5_4_3,User_TLB_DDR_5_4,0xb81,0x400
Memory_Section_User_TLB_DDR_5_4_33,User_TLB_DDR_5_4,0x33e,0x1000
Memory_Section_User_TLB_DDR_5_4_5,User_TLB_DDR_5_4,0x7dc,0x1000
Memory_Section_User_TLB_DDR_5_4_29,User_TLB_DDR_5_4,0x8d4,0x1000
Memory_Section_User_TLB_DDR_5_4_2,User_TLB_DDR_5_4,0x8e9,0x1000
Memory_Section_User_TLB_DDR_5_4_16,User_TLB_DDR_5_4,0xa7b,0x1000
Memory_Section_User_TLB_DDR_5_4_31,User_TLB_DDR_5_4,0x3c0,0x40
Memory_Section_User_TLB_DDR_5_4_22,User_TLB_DDR_5_4,0xb6a,0x1000
Memory_Section_User_TLB_DDR_5_4_34,User_TLB_DDR_5_4,0x5f0,0x400
Memory_Section_User_TLB_DDR_5_4_4,User_TLB_DDR_5_4,0x14a6,0x1000
Memory_Section_User_TLB_DDR_5_4_9,User_TLB_DDR_5_4,0x6de,0x400
Memory_Section_User_TLB_DDR_5_4_28,User_TLB_DDR_5_4,0x1677,0x1000
Memory_Section_User_TLB_DDR_5_4_12,User_TLB_DDR_5_4,0x7eb,0x400
Memory_Section_User_TLB_DDR_5_4_39,User_TLB_DDR_5_4,0x2c0,0x10
Memory_Section_User_TLB_DDR_5_4_27,User_TLB_DDR_5_4,0x2448,0x1000
Memory_Section_User_TLB_DDR_5_3_27,User_TLB_DDR_5_3,0x1e6d,0x4
Memory_Section_User_TLB_DDR_5_3_14,User_TLB_DDR_5_3,0x2215,0x4
Memory_Section_User_TLB_DDR_5_3_11,User_TLB_DDR_5_3,0x27ea,0x4
Memory_Section_User_TLB_DDR_5_3_1,User_TLB_DDR_5_3,0x2afa,0x4
Memory_Section_User_TLB_DDR_5_3_18,User_TLB_DDR_5_3,0x2d90,0x4
Memory_Section_User_TLB_DDR_5_3_19,User_TLB_DDR_5_3,0x11e6,0x10
Memory_Section_User_TLB_DDR_5_3_17,User_TLB_DDR_5_3,0x13bd,0x10
Memory_Section_User_TLB_DDR_5_3_22,User_TLB_DDR_5_3,0x1be8,0x10
Memory_Section_User_TLB_DDR_5_3_30,User_TLB_DDR_5_3,0x2149,0x10
Memory_Section_User_TLB_DDR_5_3_24,User_TLB_DDR_5_3,0x242b,0x10
Memory_Section_User_TLB_DDR_5_3_28,User_TLB_DDR_5_3,0x2536,0x10
Memory_Section_User_TLB_DDR_5_3_31,User_TLB_DDR_5_3,0x28a0,0x10
Memory_Section_User_TLB_DDR_5_3_5,User_TLB_DDR_5_3,0x2f46,0x10
Memory_Section_User_TLB_DDR_5_3_8,User_TLB_DDR_5_3,0x13f2,0x40
Memory_Section_User_TLB_DDR_5_3_9,User_TLB_DDR_5_3,0x204b,0x40
Memory_Section_User_TLB_DDR_5_3_34,User_TLB_DDR_5_3,0x25a1,0x40
Memory_Section_User_TLB_DDR_5_3_12,User_TLB_DDR_5_3,0x2de6,0x40
Memory_Section_User_TLB_DDR_5_3_33,User_TLB_DDR_5_3,0x3003,0x40
Memory_Section_User_TLB_DDR_5_3_25,User_TLB_DDR_5_3,0x746,0x100
Memory_Section_User_TLB_DDR_5_3_32,User_TLB_DDR_5_3,0x16c2,0x100
Memory_Section_User_TLB_DDR_5_3_35,User_TLB_DDR_5_3,0x24a2,0x100
Memory_Section_User_TLB_DDR_5_3_4,User_TLB_DDR_5_3,0x1d4e,0x400
Memory_Section_User_TLB_DDR_5_3_26,User_TLB_DDR_5_3,0x21fe,0x400
Memory_Section_User_TLB_DDR_5_3_6,User_TLB_DDR_5_3,0x233b,0x400
Memory_Section_User_TLB_DDR_5_3_2,User_TLB_DDR_5_3,0x2859,0x400
Memory_Section_User_TLB_DDR_5_3_10,User_TLB_DDR_5_3,0x29d1,0x400
Memory_Section_User_TLB_DDR_5_3_7,User_TLB_DDR_5_3,0xae7,0x1000
Memory_Section_User_TLB_DDR_5_3_13,User_TLB_DDR_5_3,0xbcf,0x1000
Memory_Section_User_TLB_DDR_5_3_20,User_TLB_DDR_5_3,0x37b,0x10
Memory_Section_User_TLB_DDR_5_3_21,User_TLB_DDR_5_3,0x1a7a,0x1000
Memory_Section_User_TLB_DDR_5_3_29,User_TLB_DDR_5_3,0xb1c,0x400
Memory_Section_User_TLB_DDR_5_3_15,User_TLB_DDR_5_3,0x20ba,0x1000
Memory_Section_User_TLB_DDR_5_3_3,User_TLB_DDR_5_3,0x61b,0x400
Memory_Section_User_TLB_DDR_5_3_23,User_TLB_DDR_5_3,0x272,0x10
Memory_Section_User_TLB_DDR_5_3_16,User_TLB_DDR_5_3,0x24dd,0x1000
Memory_Section_User_TLB_DDR_5_2_9,User_TLB_DDR_5_2,0x3226,0x4
Memory_Section_User_TLB_DDR_5_2_19,User_TLB_DDR_5_2,0x1085,0x10
Memory_Section_User_TLB_DDR_5_2_0,User_TLB_DDR_5_2,0x19d6,0x10
Memory_Section_User_TLB_DDR_5_2_8,User_TLB_DDR_5_2,0x1a3b,0x10
Memory_Section_User_TLB_DDR_5_2_1,User_TLB_DDR_5_2,0x2d06,0x10
Memory_Section_User_TLB_DDR_5_2_33,User_TLB_DDR_5_2,0xe7a,0x40
Memory_Section_User_TLB_DDR_5_2_29,User_TLB_DDR_5_2,0x22b1,0x40
Memory_Section_User_TLB_DDR_5_2_28,User_TLB_DDR_5_2,0x25b3,0x40
Memory_Section_User_TLB_DDR_5_2_11,User_TLB_DDR_5_2,0x325a,0x40
Memory_Section_User_TLB_DDR_5_2_22,User_TLB_DDR_5_2,0xf4f,0x100
Memory_Section_User_TLB_DDR_5_2_4,User_TLB_DDR_5_2,0x14a6,0x100
Memory_Section_User_TLB_DDR_5_2_14,User_TLB_DDR_5_2,0x1604,0x100
Memory_Section_User_TLB_DDR_5_2_6,User_TLB_DDR_5_2,0x1d5b,0x100
Memory_Section_User_TLB_DDR_5_2_17,User_TLB_DDR_5_2,0x2450,0x100
Memory_Section_User_TLB_DDR_5_2_20,User_TLB_DDR_5_2,0x2a44,0x100
Memory_Section_User_TLB_DDR_5_2_31,User_TLB_DDR_5_2,0x3097,0x100
Memory_Section_User_TLB_DDR_5_2_30,User_TLB_DDR_5_2,0xfb8,0x400
Memory_Section_User_TLB_DDR_5_2_18,User_TLB_DDR_5_2,0x1623,0x400
Memory_Section_User_TLB_DDR_5_2_7,User_TLB_DDR_5_2,0x1921,0x400
Memory_Section_User_TLB_DDR_5_2_12,User_TLB_DDR_5_2,0x1a65,0x400
Memory_Section_User_TLB_DDR_5_2_35,User_TLB_DDR_5_2,0x1ce7,0x400
Memory_Section_User_TLB_DDR_5_2_10,User_TLB_DDR_5_2,0x2190,0x400
Memory_Section_User_TLB_DDR_5_2_37,User_TLB_DDR_5_2,0x2f84,0x400
Memory_Section_User_TLB_DDR_5_2_5,User_TLB_DDR_5_2,0x30ea,0x400
Memory_Section_User_TLB_DDR_5_2_25,User_TLB_DDR_5_2,0xabd,0x1000
Memory_Section_User_TLB_DDR_5_2_34,User_TLB_DDR_5_2,0x1325,0x1000
Memory_Section_User_TLB_DDR_5_2_21,User_TLB_DDR_5_2,0x330,0x40
Memory_Section_User_TLB_DDR_5_2_24,User_TLB_DDR_5_2,0x21ef,0x1000
Memory_Section_User_TLB_DDR_5_2_36,User_TLB_DDR_5_2,0x2cc5,0x1000
Memory_Section_User_TLB_DDR_5_2_2,User_TLB_DDR_5_2,0x2fad,0x1000
Memory_Section_User_TLB_DDR_5_2_26,User_TLB_DDR_5_2,0x3ad,0x100
Memory_Section_User_TLB_DDR_5_2_3,User_TLB_DDR_5_2,0x65e,0x400
Memory_Section_User_TLB_DDR_5_2_13,User_TLB_DDR_5_2,0x26a,0x10
Memory_Section_User_TLB_DDR_5_2_27,User_TLB_DDR_5_2,0x3111,0x1000
Memory_Section_User_TLB_DDR_4_2_1,User_TLB_DDR_4_2,0x231c2,0x4
Memory_Section_User_TLB_DDR_4_2_20,User_TLB_DDR_4_2,0x26257,0x4
Memory_Section_User_TLB_DDR_4_2_22,User_TLB_DDR_4_2,0x28501,0x4
Memory_Section_User_TLB_DDR_4_2_8,User_TLB_DDR_4_2,0x2dae4,0x4
Memory_Section_User_TLB_DDR_4_2_34,User_TLB_DDR_4_2,0x315ad,0x4
Memory_Section_User_TLB_DDR_4_2_16,User_TLB_DDR_4_2,0x328ae,0x4
Memory_Section_User_TLB_DDR_4_2_24,User_TLB_DDR_4_2,0x2074,0x10
Memory_Section_User_TLB_DDR_4_2_27,User_TLB_DDR_4_2,0x8cbe,0x10
Memory_Section_User_TLB_DDR_4_2_5,User_TLB_DDR_4_2,0x9008,0x10
Memory_Section_User_TLB_DDR_4_2_9,User_TLB_DDR_4_2,0xc6ae,0x10
Memory_Section_User_TLB_DDR_4_2_3,User_TLB_DDR_4_2,0xfb6d,0x10
Memory_Section_User_TLB_DDR_4_2_14,User_TLB_DDR_4_2,0x2d261,0x10
Memory_Section_User_TLB_DDR_4_2_13,User_TLB_DDR_4_2,0x2e182,0x10
Memory_Section_User_TLB_DDR_4_2_32,User_TLB_DDR_4_2,0x8525,0x40
Memory_Section_User_TLB_DDR_4_2_6,User_TLB_DDR_4_2,0x118bb,0x40
Memory_Section_User_TLB_DDR_4_2_35,User_TLB_DDR_4_2,0x15f56,0x40
Memory_Section_User_TLB_DDR_4_2_12,User_TLB_DDR_4_2,0x1d53b,0x40
Memory_Section_User_TLB_DDR_4_2_17,User_TLB_DDR_4_2,0x2dd4f,0x40
Memory_Section_User_TLB_DDR_4_2_26,User_TLB_DDR_4_2,0x16451,0x100
Memory_Section_User_TLB_DDR_4_2_15,User_TLB_DDR_4_2,0x239bf,0x100
Memory_Section_User_TLB_DDR_4_2_31,User_TLB_DDR_4_2,0x2612b,0x100
Memory_Section_User_TLB_DDR_4_2_2,User_TLB_DDR_4_2,0x8cf8,0x400
Memory_Section_User_TLB_DDR_4_2_21,User_TLB_DDR_4_2,0xa96d,0x400
Memory_Section_User_TLB_DDR_4_2_18,User_TLB_DDR_4_2,0xe768,0x400
Memory_Section_User_TLB_DDR_4_2_25,User_TLB_DDR_4_2,0x1862c,0x400
Memory_Section_User_TLB_DDR_4_2_33,User_TLB_DDR_4_2,0x2ec40,0x400
Memory_Section_User_TLB_DDR_4_2_23,User_TLB_DDR_4_2,0x3123d,0x400
Memory_Section_User_TLB_DDR_4_2_4,User_TLB_DDR_4_2,0x32859,0x400
Memory_Section_User_TLB_DDR_4_2_11,User_TLB_DDR_4_2,0xcfd8,0x1000
Memory_Section_User_TLB_DDR_4_2_30,User_TLB_DDR_4_2,0x14e24,0x1000
Memory_Section_User_TLB_DDR_4_2_19,User_TLB_DDR_4_2,0x15c44,0x1000
Memory_Section_User_TLB_DDR_4_2_0,User_TLB_DDR_4_2,0x1c8ca,0x1000
Memory_Section_User_TLB_DDR_4_2_10,User_TLB_DDR_4_2,0x23277,0x1000
Memory_Section_User_TLB_DDR_4_2_7,User_TLB_DDR_4_2,0x23643,0x1000
Memory_Section_User_TLB_DDR_4_2_28,User_TLB_DDR_4_2,0x31324,0x1000
Memory_Section_User_TLB_DDR_4_3_13,User_TLB_DDR_4_3,0x1d999,0x4
Memory_Section_User_TLB_DDR_4_3_6,User_TLB_DDR_4_3,0x286b0,0x4
Memory_Section_User_TLB_DDR_4_3_30,User_TLB_DDR_4_3,0x2aa91,0x4
Memory_Section_User_TLB_DDR_4_3_10,User_TLB_DDR_4_3,0x2b35f,0x4
Memory_Section_User_TLB_DDR_4_3_23,User_TLB_DDR_4_3,0x2f4e6,0x4
Memory_Section_User_TLB_DDR_4_3_20,User_TLB_DDR_4_3,0x304d1,0x4
Memory_Section_User_TLB_DDR_4_3_9,User_TLB_DDR_4_3,0xc2d,0x10
Memory_Section_User_TLB_DDR_4_3_4,User_TLB_DDR_4_3,0x257e,0x10
Memory_Section_User_TLB_DDR_4_3_32,User_TLB_DDR_4_3,0xfe88,0x10
Memory_Section_User_TLB_DDR_4_3_1,User_TLB_DDR_4_3,0x1b890,0x10
Memory_Section_User_TLB_DDR_4_3_15,User_TLB_DDR_4_3,0x19d0,0x40
Memory_Section_User_TLB_DDR_4_3_7,User_TLB_DDR_4_3,0x1a21,0x40
Memory_Section_User_TLB_DDR_4_3_31,User_TLB_DDR_4_3,0x721d,0x40
Memory_Section_User_TLB_DDR_4_3_11,User_TLB_DDR_4_3,0x13cd3,0x40
Memory_Section_User_TLB_DDR_4_3_26,User_TLB_DDR_4_3,0x184a8,0x40
Memory_Section_User_TLB_DDR_4_3_0,User_TLB_DDR_4_3,0x1dce2,0x40
Memory_Section_User_TLB_DDR_4_3_16,User_TLB_DDR_4_3,0x21deb,0x40
Memory_Section_User_TLB_DDR_4_3_37,User_TLB_DDR_4_3,0x22bf4,0x40
Memory_Section_User_TLB_DDR_4_3_41,User_TLB_DDR_4_3,0x233b5,0x40
Memory_Section_User_TLB_DDR_4_3_25,User_TLB_DDR_4_3,0x27a76,0x40
Memory_Section_User_TLB_DDR_4_3_24,User_TLB_DDR_4_3,0x5393,0x100
Memory_Section_User_TLB_DDR_4_3_22,User_TLB_DDR_4_3,0xeb09,0x100
Memory_Section_User_TLB_DDR_4_3_39,User_TLB_DDR_4_3,0x230ed,0x100
Memory_Section_User_TLB_DDR_4_3_35,User_TLB_DDR_4_3,0x2d7fc,0x100
Memory_Section_User_TLB_DDR_4_3_17,User_TLB_DDR_4_3,0x5310,0x400
Memory_Section_User_TLB_DDR_4_3_5,User_TLB_DDR_4_3,0x753f,0x400
Memory_Section_User_TLB_DDR_4_3_27,User_TLB_DDR_4_3,0xe215,0x400
Memory_Section_User_TLB_DDR_4_3_34,User_TLB_DDR_4_3,0x12f83,0x400
Memory_Section_User_TLB_DDR_4_3_12,User_TLB_DDR_4_3,0x13684,0x400
Memory_Section_User_TLB_DDR_4_3_33,User_TLB_DDR_4_3,0x19ecb,0x400
Memory_Section_User_TLB_DDR_4_3_2,User_TLB_DDR_4_3,0x1e342,0x400
Memory_Section_User_TLB_DDR_4_3_42,User_TLB_DDR_4_3,0x1ef97,0x400
Memory_Section_User_TLB_DDR_4_3_18,User_TLB_DDR_4_3,0x21eb5,0x400
Memory_Section_User_TLB_DDR_4_3_28,User_TLB_DDR_4_3,0x2868c,0x400
Memory_Section_User_TLB_DDR_4_3_8,User_TLB_DDR_4_3,0x2af6d,0x400
Memory_Section_User_TLB_DDR_4_3_14,User_TLB_DDR_4_3,0x325ca,0x400
Memory_Section_User_TLB_DDR_4_3_21,User_TLB_DDR_4_3,0xf32b,0x1000
Memory_Section_User_TLB_DDR_4_3_19,User_TLB_DDR_4_3,0xf526,0x1000
Memory_Section_User_TLB_DDR_4_3_38,User_TLB_DDR_4_3,0x906,0x10
Memory_Section_User_TLB_DDR_4_3_36,User_TLB_DDR_4_3,0x2342b,0x1000
Memory_Section_User_TLB_DDR_4_3_40,User_TLB_DDR_4_3,0x49,0x10
Memory_Section_User_TLB_DDR_4_3_3,User_TLB_DDR_4_3,0x23d34,0x1000
Memory_Section_User_TLB_DDR_4_1_28,User_TLB_DDR_4_1,0x1f4f8,0x4
Memory_Section_User_TLB_DDR_4_1_30,User_TLB_DDR_4_1,0x30332,0x4
Memory_Section_User_TLB_DDR_4_1_21,User_TLB_DDR_4_1,0x98ed,0x10
Memory_Section_User_TLB_DDR_4_1_16,User_TLB_DDR_4_1,0xb032,0x10
Memory_Section_User_TLB_DDR_4_1_33,User_TLB_DDR_4_1,0x1afbb,0x10
Memory_Section_User_TLB_DDR_4_1_4,User_TLB_DDR_4_1,0x2276f,0x10
Memory_Section_User_TLB_DDR_4_1_3,User_TLB_DDR_4_1,0xaf3c,0x40
Memory_Section_User_TLB_DDR_4_1_7,User_TLB_DDR_4_1,0xc6a6,0x40
Memory_Section_User_TLB_DDR_4_1_24,User_TLB_DDR_4_1,0x11b52,0x40
Memory_Section_User_TLB_DDR_4_1_26,User_TLB_DDR_4_1,0x1a402,0x40
Memory_Section_User_TLB_DDR_4_1_35,User_TLB_DDR_4_1,0x1ef33,0x40
Memory_Section_User_TLB_DDR_4_1_14,User_TLB_DDR_4_1,0x29fd3,0x40
Memory_Section_User_TLB_DDR_4_1_13,User_TLB_DDR_4_1,0x32223,0x40
Memory_Section_User_TLB_DDR_4_1_6,User_TLB_DDR_4_1,0x326a9,0x40
Memory_Section_User_TLB_DDR_4_1_25,User_TLB_DDR_4_1,0x32fa1,0x40
Memory_Section_User_TLB_DDR_4_1_10,User_TLB_DDR_4_1,0x1046,0x100
Memory_Section_User_TLB_DDR_4_1_11,User_TLB_DDR_4_1,0x2bcf,0x100
Memory_Section_User_TLB_DDR_4_1_12,User_TLB_DDR_4_1,0xa1d2,0x100
Memory_Section_User_TLB_DDR_4_1_1,User_TLB_DDR_4_1,0xc038,0x100
Memory_Section_User_TLB_DDR_4_1_22,User_TLB_DDR_4_1,0xca54,0x100
Memory_Section_User_TLB_DDR_4_1_0,User_TLB_DDR_4_1,0x13788,0x100
Memory_Section_User_TLB_DDR_4_1_18,User_TLB_DDR_4_1,0x18522,0x100
Memory_Section_User_TLB_DDR_4_1_36,User_TLB_DDR_4_1,0x1b8db,0x100
Memory_Section_User_TLB_DDR_4_1_34,User_TLB_DDR_4_1,0x1e4a2,0x100
Memory_Section_User_TLB_DDR_4_1_8,User_TLB_DDR_4_1,0x23e0f,0x100
Memory_Section_User_TLB_DDR_4_1_38,User_TLB_DDR_4_1,0x332dc,0x100
Memory_Section_User_TLB_DDR_4_1_17,User_TLB_DDR_4_1,0xdb8,0x400
Memory_Section_User_TLB_DDR_4_1_32,User_TLB_DDR_4_1,0xc867,0x400
Memory_Section_User_TLB_DDR_4_1_37,User_TLB_DDR_4_1,0x1a2f5,0x400
Memory_Section_User_TLB_DDR_4_1_31,User_TLB_DDR_4_1,0x1a7a6,0x400
Memory_Section_User_TLB_DDR_4_1_29,User_TLB_DDR_4_1,0x1deea,0x400
Memory_Section_User_TLB_DDR_4_1_2,User_TLB_DDR_4_1,0x1e53d,0x400
Memory_Section_User_TLB_DDR_4_1_15,User_TLB_DDR_4_1,0x27ac9,0x400
Memory_Section_User_TLB_DDR_4_1_39,User_TLB_DDR_4_1,0x2b38e,0x400
Memory_Section_User_TLB_DDR_4_1_20,User_TLB_DDR_4_1,0x32ce1,0x400
Memory_Section_User_TLB_DDR_4_1_5,User_TLB_DDR_4_1,0xb3f3,0x1000
Memory_Section_User_TLB_DDR_4_1_27,User_TLB_DDR_4_1,0x25701,0x1000
Memory_Section_User_TLB_DDR_4_1_23,User_TLB_DDR_4_1,0x2754d,0x1000
Memory_Section_User_TLB_DDR_4_0_46,User_TLB_DDR_4_0,0x14ba9,0x4
Memory_Section_User_TLB_DDR_4_0_47,User_TLB_DDR_4_0,0x16168,0x4
Memory_Section_User_TLB_DDR_4_0_44,User_TLB_DDR_4_0,0x18516,0x4
Memory_Section_User_TLB_DDR_4_0_35,User_TLB_DDR_4_0,0x1a17f,0x4
Memory_Section_User_TLB_DDR_4_0_16,User_TLB_DDR_4_0,0x1785,0x10
Memory_Section_User_TLB_DDR_4_0_43,User_TLB_DDR_4_0,0x7364,0x10
Memory_Section_User_TLB_DDR_4_0_40,User_TLB_DDR_4_0,0x9e1e,0x10
Memory_Section_User_TLB_DDR_4_0_32,User_TLB_DDR_4_0,0xdb55,0x10
Memory_Section_User_TLB_DDR_4_0_3,User_TLB_DDR_4_0,0x12fbb,0x10
Memory_Section_User_TLB_DDR_4_0_4,User_TLB_DDR_4_0,0x15db7,0x10
Memory_Section_User_TLB_DDR_4_0_8,User_TLB_DDR_4_0,0x17ebf,0x10
Memory_Section_User_TLB_DDR_4_0_45,User_TLB_DDR_4_0,0x1862e,0x10
Memory_Section_User_TLB_DDR_4_0_28,User_TLB_DDR_4_0,0x1971d,0x10
Memory_Section_User_TLB_DDR_4_0_37,User_TLB_DDR_4_0,0x1b71f,0x10
Memory_Section_User_TLB_DDR_4_0_24,User_TLB_DDR_4_0,0x20935,0x10
Memory_Section_User_TLB_DDR_4_0_5,User_TLB_DDR_4_0,0x2e764,0x10
Memory_Section_User_TLB_DDR_4_0_21,User_TLB_DDR_4_0,0x1d221,0x40
Memory_Section_User_TLB_DDR_4_0_42,User_TLB_DDR_4_0,0x1e593,0x40
Memory_Section_User_TLB_DDR_4_0_7,User_TLB_DDR_4_0,0x2428c,0x40
Memory_Section_User_TLB_DDR_4_0_29,User_TLB_DDR_4_0,0x2c808,0x40
Memory_Section_User_TLB_DDR_4_0_9,User_TLB_DDR_4_0,0x62e1,0x100
Memory_Section_User_TLB_DDR_4_0_0,User_TLB_DDR_4_0,0xce55,0x100
Memory_Section_User_TLB_DDR_4_0_15,User_TLB_DDR_4_0,0x175a9,0x100
Memory_Section_User_TLB_DDR_4_0_36,User_TLB_DDR_4_0,0x2bcf3,0x100
Memory_Section_User_TLB_DDR_4_0_18,User_TLB_DDR_4_0,0x2dafa,0x100
Memory_Section_User_TLB_DDR_4_0_20,User_TLB_DDR_4_0,0x2e668,0x100
Memory_Section_User_TLB_DDR_4_0_30,User_TLB_DDR_4_0,0x1e1e,0x400
Memory_Section_User_TLB_DDR_4_0_27,User_TLB_DDR_4_0,0x7492,0x400
Memory_Section_User_TLB_DDR_4_0_25,User_TLB_DDR_4_0,0xb32e,0x400
Memory_Section_User_TLB_DDR_4_0_34,User_TLB_DDR_4_0,0xbbd4,0x400
Memory_Section_User_TLB_DDR_4_0_1,User_TLB_DDR_4_0,0xf033,0x400
Memory_Section_User_TLB_DDR_4_0_38,User_TLB_DDR_4_0,0xf065,0x400
Memory_Section_User_TLB_DDR_4_0_6,User_TLB_DDR_4_0,0x14d1b,0x400
Memory_Section_User_TLB_DDR_4_0_13,User_TLB_DDR_4_0,0x1a226,0x400
Memory_Section_User_TLB_DDR_4_0_12,User_TLB_DDR_4_0,0x1cc80,0x400
Memory_Section_User_TLB_DDR_4_0_19,User_TLB_DDR_4_0,0x2249a,0x400
Memory_Section_User_TLB_DDR_4_0_17,User_TLB_DDR_4_0,0x2e8a9,0x400
Memory_Section_User_TLB_DDR_4_0_39,User_TLB_DDR_4_0,0x20b2,0x1000
Memory_Section_User_TLB_DDR_4_0_22,User_TLB_DDR_4_0,0x2b31,0x1000
Memory_Section_User_TLB_DDR_4_0_33,User_TLB_DDR_4_0,0x61d0,0x1000
Memory_Section_User_TLB_DDR_4_0_14,User_TLB_DDR_4_0,0x848a,0x1000
Memory_Section_User_TLB_DDR_4_0_31,User_TLB_DDR_4_0,0xb585,0x1000
Memory_Section_User_TLB_DDR_4_0_26,User_TLB_DDR_4_0,0xaa9,0x40
Memory_Section_User_TLB_DDR_4_0_2,User_TLB_DDR_4_0,0x104e3,0x1000
Memory_Section_User_TLB_DDR_4_0_11,User_TLB_DDR_4_0,0x2dabd,0x1000
Memory_Section_User_TLB_DDR_4_0_10,User_TLB_DDR_4_0,0x626,0x100
Memory_Section_User_TLB_DDR_4_0_23,User_TLB_DDR_4_0,0x305c0,0x1000
Memory_Section_User_TLB_DDR_3_1_19,User_TLB_DDR_3_1,0xa53f9,0x4
Memory_Section_User_TLB_DDR_3_1_17,User_TLB_DDR_3_1,0xadcf0,0x4
Memory_Section_User_TLB_DDR_3_1_37,User_TLB_DDR_3_1,0xbcde6,0x4
Memory_Section_User_TLB_DDR_3_1_12,User_TLB_DDR_3_1,0x27776,0x10
Memory_Section_User_TLB_DDR_3_1_34,User_TLB_DDR_3_1,0x43592,0x10
Memory_Section_User_TLB_DDR_3_1_11,User_TLB_DDR_3_1,0x4541d,0x10
Memory_Section_User_TLB_DDR_3_1_25,User_TLB_DDR_3_1,0x63164,0x10
Memory_Section_User_TLB_DDR_3_1_31,User_TLB_DDR_3_1,0x67050,0x10
Memory_Section_User_TLB_DDR_3_1_13,User_TLB_DDR_3_1,0x6e940,0x10
Memory_Section_User_TLB_DDR_3_1_10,User_TLB_DDR_3_1,0x7ed1e,0x10
Memory_Section_User_TLB_DDR_3_1_18,User_TLB_DDR_3_1,0x89d81,0x10
Memory_Section_User_TLB_DDR_3_1_32,User_TLB_DDR_3_1,0x2258,0x40
Memory_Section_User_TLB_DDR_3_1_15,User_TLB_DDR_3_1,0x442fa,0x40
Memory_Section_User_TLB_DDR_3_1_7,User_TLB_DDR_3_1,0x9e6b7,0x40
Memory_Section_User_TLB_DDR_3_1_4,User_TLB_DDR_3_1,0xb6e3f,0x40
Memory_Section_User_TLB_DDR_3_1_1,User_TLB_DDR_3_1,0xb806e,0x40
Memory_Section_User_TLB_DDR_3_1_6,User_TLB_DDR_3_1,0xcbda9,0x40
Memory_Section_User_TLB_DDR_3_1_35,User_TLB_DDR_3_1,0x6017,0x100
Memory_Section_User_TLB_DDR_3_1_27,User_TLB_DDR_3_1,0x8c26,0x100
Memory_Section_User_TLB_DDR_3_1_3,User_TLB_DDR_3_1,0x17653,0x100
Memory_Section_User_TLB_DDR_3_1_0,User_TLB_DDR_3_1,0x20cd9,0x100
Memory_Section_User_TLB_DDR_3_1_14,User_TLB_DDR_3_1,0x67440,0x100
Memory_Section_User_TLB_DDR_3_1_9,User_TLB_DDR_3_1,0x72f41,0x100
Memory_Section_User_TLB_DDR_3_1_33,User_TLB_DDR_3_1,0xa60f4,0x100
Memory_Section_User_TLB_DDR_3_1_5,User_TLB_DDR_3_1,0xc5f6e,0x100
Memory_Section_User_TLB_DDR_3_1_16,User_TLB_DDR_3_1,0x28889,0x400
Memory_Section_User_TLB_DDR_3_1_24,User_TLB_DDR_3_1,0x806cb,0x400
Memory_Section_User_TLB_DDR_3_1_28,User_TLB_DDR_3_1,0x87327,0x400
Memory_Section_User_TLB_DDR_3_1_2,User_TLB_DDR_3_1,0x8815a,0x400
Memory_Section_User_TLB_DDR_3_1_36,User_TLB_DDR_3_1,0xa064d,0x400
Memory_Section_User_TLB_DDR_3_1_21,User_TLB_DDR_3_1,0xb6057,0x400
Memory_Section_User_TLB_DDR_3_1_20,User_TLB_DDR_3_1,0xe2d1,0x1000
Memory_Section_User_TLB_DDR_3_1_8,User_TLB_DDR_3_1,0x59519,0x1000
Memory_Section_User_TLB_DDR_3_1_22,User_TLB_DDR_3_1,0x885ff,0x1000
Memory_Section_User_TLB_DDR_3_1_23,User_TLB_DDR_3_1,0xac071,0x1000
Memory_Section_User_TLB_DDR_3_1_30,User_TLB_DDR_3_1,0xbaaf0,0x1000
Memory_Section_User_TLB_DDR_3_0_11,User_TLB_DDR_3_0,0x4a150,0x4
Memory_Section_User_TLB_DDR_3_0_0,User_TLB_DDR_3_0,0x4d8fe,0x4
Memory_Section_User_TLB_DDR_3_0_33,User_TLB_DDR_3_0,0x52ada,0x4
Memory_Section_User_TLB_DDR_3_0_31,User_TLB_DDR_3_0,0x593db,0x4
Memory_Section_User_TLB_DDR_3_0_17,User_TLB_DDR_3_0,0x89c04,0x4
Memory_Section_User_TLB_DDR_3_0_23,User_TLB_DDR_3_0,0x8dcfb,0x4
Memory_Section_User_TLB_DDR_3_0_35,User_TLB_DDR_3_0,0x97e70,0x4
Memory_Section_User_TLB_DDR_3_0_12,User_TLB_DDR_3_0,0xbdb0d,0x4
Memory_Section_User_TLB_DDR_3_0_34,User_TLB_DDR_3_0,0x3a9d,0x10
Memory_Section_User_TLB_DDR_3_0_2,User_TLB_DDR_3_0,0x2efd9,0x10
Memory_Section_User_TLB_DDR_3_0_10,User_TLB_DDR_3_0,0x5b50f,0x10
Memory_Section_User_TLB_DDR_3_0_29,User_TLB_DDR_3_0,0x90300,0x10
Memory_Section_User_TLB_DDR_3_0_1,User_TLB_DDR_3_0,0x997cc,0x10
Memory_Section_User_TLB_DDR_3_0_13,User_TLB_DDR_3_0,0xc4f27,0x10
Memory_Section_User_TLB_DDR_3_0_40,User_TLB_DDR_3_0,0xc5a4e,0x10
Memory_Section_User_TLB_DDR_3_0_37,User_TLB_DDR_3_0,0x2d98,0x40
Memory_Section_User_TLB_DDR_3_0_4,User_TLB_DDR_3_0,0xa1c4,0x40
Memory_Section_User_TLB_DDR_3_0_21,User_TLB_DDR_3_0,0x1b0c8,0x40
Memory_Section_User_TLB_DDR_3_0_15,User_TLB_DDR_3_0,0x2d872,0x40
Memory_Section_User_TLB_DDR_3_0_20,User_TLB_DDR_3_0,0x8f3d7,0x40
Memory_Section_User_TLB_DDR_3_0_28,User_TLB_DDR_3_0,0xa93bb,0x40
Memory_Section_User_TLB_DDR_3_0_9,User_TLB_DDR_3_0,0xb3f67,0x40
Memory_Section_User_TLB_DDR_3_0_14,User_TLB_DDR_3_0,0xb4ea2,0x40
Memory_Section_User_TLB_DDR_3_0_38,User_TLB_DDR_3_0,0x29cc,0x100
Memory_Section_User_TLB_DDR_3_0_32,User_TLB_DDR_3_0,0x24b58,0x100
Memory_Section_User_TLB_DDR_3_0_36,User_TLB_DDR_3_0,0x5c314,0x100
Memory_Section_User_TLB_DDR_3_0_8,User_TLB_DDR_3_0,0xb5dad,0x100
Memory_Section_User_TLB_DDR_3_0_25,User_TLB_DDR_3_0,0xc78ba,0x100
Memory_Section_User_TLB_DDR_3_0_5,User_TLB_DDR_3_0,0xd6a7,0x400
Memory_Section_User_TLB_DDR_3_0_16,User_TLB_DDR_3_0,0x2ed24,0x400
Memory_Section_User_TLB_DDR_3_0_3,User_TLB_DDR_3_0,0x53a4b,0x400
Memory_Section_User_TLB_DDR_3_0_19,User_TLB_DDR_3_0,0x5c75e,0x400
Memory_Section_User_TLB_DDR_3_0_26,User_TLB_DDR_3_0,0x6f2ec,0x400
Memory_Section_User_TLB_DDR_3_0_39,User_TLB_DDR_3_0,0x7c481,0x400
Memory_Section_User_TLB_DDR_3_0_30,User_TLB_DDR_3_0,0x902f2,0x400
Memory_Section_User_TLB_DDR_3_0_24,User_TLB_DDR_3_0,0xa8419,0x400
Memory_Section_User_TLB_DDR_3_0_22,User_TLB_DDR_3_0,0x35bd3,0x1000
Memory_Section_User_TLB_DDR_3_0_6,User_TLB_DDR_3_0,0x55db1,0x1000
Memory_Section_User_TLB_DDR_3_0_7,User_TLB_DDR_3_0,0x7b197,0x1000
Memory_Section_User_TLB_DDR_3_2_25,User_TLB_DDR_3_2,0x2c7f9,0x4
Memory_Section_User_TLB_DDR_3_2_22,User_TLB_DDR_3_2,0x2cdee,0x4
Memory_Section_User_TLB_DDR_3_2_23,User_TLB_DDR_3_2,0x423bf,0x4
Memory_Section_User_TLB_DDR_3_2_0,User_TLB_DDR_3_2,0x898b7,0x4
Memory_Section_User_TLB_DDR_3_2_4,User_TLB_DDR_3_2,0x8eb09,0x4
Memory_Section_User_TLB_DDR_3_2_39,User_TLB_DDR_3_2,0x9b147,0x4
Memory_Section_User_TLB_DDR_3_2_14,User_TLB_DDR_3_2,0xa749b,0x4
Memory_Section_User_TLB_DDR_3_2_20,User_TLB_DDR_3_2,0xbc2eb,0x4
Memory_Section_User_TLB_DDR_3_2_7,User_TLB_DDR_3_2,0xcc8dc,0x4
Memory_Section_User_TLB_DDR_3_2_16,User_TLB_DDR_3_2,0x25c51,0x10
Memory_Section_User_TLB_DDR_3_2_6,User_TLB_DDR_3_2,0x2b865,0x10
Memory_Section_User_TLB_DDR_3_2_21,User_TLB_DDR_3_2,0x34c46,0x10
Memory_Section_User_TLB_DDR_3_2_18,User_TLB_DDR_3_2,0x38f0e,0x10
Memory_Section_User_TLB_DDR_3_2_1,User_TLB_DDR_3_2,0x396e1,0x10
Memory_Section_User_TLB_DDR_3_2_2,User_TLB_DDR_3_2,0x3d666,0x10
Memory_Section_User_TLB_DDR_3_2_35,User_TLB_DDR_3_2,0x46c5c,0x10
Memory_Section_User_TLB_DDR_3_2_10,User_TLB_DDR_3_2,0x7e290,0x10
Memory_Section_User_TLB_DDR_3_2_36,User_TLB_DDR_3_2,0x89fe8,0x10
Memory_Section_User_TLB_DDR_3_2_38,User_TLB_DDR_3_2,0xbb96b,0x10
Memory_Section_User_TLB_DDR_3_2_34,User_TLB_DDR_3_2,0xc2068,0x10
Memory_Section_User_TLB_DDR_3_2_26,User_TLB_DDR_3_2,0xc2114,0x10
Memory_Section_User_TLB_DDR_3_2_40,User_TLB_DDR_3_2,0x115c,0x40
Memory_Section_User_TLB_DDR_3_2_24,User_TLB_DDR_3_2,0xcf98,0x40
Memory_Section_User_TLB_DDR_3_2_41,User_TLB_DDR_3_2,0x5d27f,0x40
Memory_Section_User_TLB_DDR_3_2_28,User_TLB_DDR_3_2,0x905d7,0x40
Memory_Section_User_TLB_DDR_3_2_19,User_TLB_DDR_3_2,0x64d7,0x100
Memory_Section_User_TLB_DDR_3_2_3,User_TLB_DDR_3_2,0x1525c,0x100
Memory_Section_User_TLB_DDR_3_2_31,User_TLB_DDR_3_2,0x20fc0,0x100
Memory_Section_User_TLB_DDR_3_2_13,User_TLB_DDR_3_2,0x75c39,0x100
Memory_Section_User_TLB_DDR_3_2_37,User_TLB_DDR_3_2,0xa81c5,0x100
Memory_Section_User_TLB_DDR_3_2_17,User_TLB_DDR_3_2,0xc988b,0x100
Memory_Section_User_TLB_DDR_3_2_12,User_TLB_DDR_3_2,0xcb0f4,0x100
Memory_Section_User_TLB_DDR_3_2_5,User_TLB_DDR_3_2,0x23f9f,0x400
Memory_Section_User_TLB_DDR_3_2_15,User_TLB_DDR_3_2,0x31f7a,0x400
Memory_Section_User_TLB_DDR_3_2_33,User_TLB_DDR_3_2,0x36048,0x400
Memory_Section_User_TLB_DDR_3_2_32,User_TLB_DDR_3_2,0x3fa8b,0x400
Memory_Section_User_TLB_DDR_3_2_27,User_TLB_DDR_3_2,0xdb0c,0x1000
Memory_Section_User_TLB_DDR_3_2_8,User_TLB_DDR_3_2,0x5082b,0x1000
Memory_Section_User_TLB_DDR_3_2_9,User_TLB_DDR_3_2,0x692f9,0x1000
Memory_Section_User_TLB_DDR_3_2_30,User_TLB_DDR_3_2,0x9d5c9,0x1000
Memory_Section_User_TLB_DDR_3_2_11,User_TLB_DDR_3_2,0x9fc8f,0x1000
Memory_Section_User_TLB_DDR_3_3_11,User_TLB_DDR_3_3,0x6f441,0x4
Memory_Section_User_TLB_DDR_3_3_33,User_TLB_DDR_3_3,0x1fdb3,0x10
Memory_Section_User_TLB_DDR_3_3_13,User_TLB_DDR_3_3,0x2230a,0x10
Memory_Section_User_TLB_DDR_3_3_26,User_TLB_DDR_3_3,0x456df,0x10
Memory_Section_User_TLB_DDR_3_3_5,User_TLB_DDR_3_3,0x460be,0x10
Memory_Section_User_TLB_DDR_3_3_4,User_TLB_DDR_3_3,0x52324,0x10
Memory_Section_User_TLB_DDR_3_3_31,User_TLB_DDR_3_3,0x70b34,0x10
Memory_Section_User_TLB_DDR_3_3_7,User_TLB_DDR_3_3,0x944b9,0x10
Memory_Section_User_TLB_DDR_3_3_30,User_TLB_DDR_3_3,0xa4edb,0x10
Memory_Section_User_TLB_DDR_3_3_24,User_TLB_DDR_3_3,0xa7e00,0x10
Memory_Section_User_TLB_DDR_3_3_0,User_TLB_DDR_3_3,0xb60bc,0x10
Memory_Section_User_TLB_DDR_3_3_28,User_TLB_DDR_3_3,0xb7920,0x10
Memory_Section_User_TLB_DDR_3_3_21,User_TLB_DDR_3_3,0x369ba,0x40
Memory_Section_User_TLB_DDR_3_3_8,User_TLB_DDR_3_3,0x75bdd,0x40
Memory_Section_User_TLB_DDR_3_3_6,User_TLB_DDR_3_3,0x8ac17,0x40
Memory_Section_User_TLB_DDR_3_3_27,User_TLB_DDR_3_3,0x49f8c,0x100
Memory_Section_User_TLB_DDR_3_3_12,User_TLB_DDR_3_3,0x7451a,0x100
Memory_Section_User_TLB_DDR_3_3_23,User_TLB_DDR_3_3,0xa8972,0x100
Memory_Section_User_TLB_DDR_3_3_29,User_TLB_DDR_3_3,0xb01fd,0x100
Memory_Section_User_TLB_DDR_3_3_32,User_TLB_DDR_3_3,0xb8021,0x100
Memory_Section_User_TLB_DDR_3_3_3,User_TLB_DDR_3_3,0xc5023,0x100
Memory_Section_User_TLB_DDR_3_3_22,User_TLB_DDR_3_3,0x10068,0x400
Memory_Section_User_TLB_DDR_3_3_25,User_TLB_DDR_3_3,0x16a2e,0x400
Memory_Section_User_TLB_DDR_3_3_20,User_TLB_DDR_3_3,0x382ed,0x400
Memory_Section_User_TLB_DDR_3_3_15,User_TLB_DDR_3_3,0xa6aff,0x400
Memory_Section_User_TLB_DDR_3_3_19,User_TLB_DDR_3_3,0xbbac8,0x400
Memory_Section_User_TLB_DDR_3_3_18,User_TLB_DDR_3_3,0xc0517,0x400
Memory_Section_User_TLB_DDR_3_3_14,User_TLB_DDR_3_3,0xc7910,0x400
Memory_Section_User_TLB_DDR_3_3_10,User_TLB_DDR_3_3,0xcab3d,0x400
Memory_Section_User_TLB_DDR_3_3_2,User_TLB_DDR_3_3,0x20358,0x1000
Memory_Section_User_TLB_DDR_3_3_17,User_TLB_DDR_3_3,0x4e417,0x1000
Memory_Section_User_TLB_DDR_3_3_16,User_TLB_DDR_3_3,0x6a751,0x1000
Memory_Section_User_TLB_DDR_3_3_9,User_TLB_DDR_3_3,0x7e5b9,0x1000
Memory_Section_User_TLB_DDR_3_3_34,User_TLB_DDR_3_3,0xc60ab,0x1000
Memory_Section_User_TLB_DDR_2_4_12,User_TLB_DDR_2_4,0x10d4c0,0x4
Memory_Section_User_TLB_DDR_2_4_7,User_TLB_DDR_2_4,0x13634b,0x4
Memory_Section_User_TLB_DDR_2_4_25,User_TLB_DDR_2_4,0x17d776,0x4
Memory_Section_User_TLB_DDR_2_4_24,User_TLB_DDR_2_4,0x2e3282,0x4
Memory_Section_User_TLB_DDR_2_4_28,User_TLB_DDR_2_4,0x2f21f8,0x4
Memory_Section_User_TLB_DDR_2_4_3,User_TLB_DDR_2_4,0x3268c4,0x4
Memory_Section_User_TLB_DDR_2_4_0,User_TLB_DDR_2_4,0x39f2d,0x10
Memory_Section_User_TLB_DDR_2_4_23,User_TLB_DDR_2_4,0x6d68b,0x10
Memory_Section_User_TLB_DDR_2_4_38,User_TLB_DDR_2_4,0x15b96e,0x10
Memory_Section_User_TLB_DDR_2_4_18,User_TLB_DDR_2_4,0x23f57a,0x10
Memory_Section_User_TLB_DDR_2_4_14,User_TLB_DDR_2_4,0x329b52,0x10
Memory_Section_User_TLB_DDR_2_4_33,User_TLB_DDR_2_4,0x3f51e,0x40
Memory_Section_User_TLB_DDR_2_4_35,User_TLB_DDR_2_4,0xf5479,0x40
Memory_Section_User_TLB_DDR_2_4_34,User_TLB_DDR_2_4,0x1ac777,0x40
Memory_Section_User_TLB_DDR_2_4_31,User_TLB_DDR_2_4,0x1b378a,0x40
Memory_Section_User_TLB_DDR_2_4_21,User_TLB_DDR_2_4,0x28b2b3,0x40
Memory_Section_User_TLB_DDR_2_4_39,User_TLB_DDR_2_4,0x2ad10e,0x40
Memory_Section_User_TLB_DDR_2_4_1,User_TLB_DDR_2_4,0x10d53,0x100
Memory_Section_User_TLB_DDR_2_4_4,User_TLB_DDR_2_4,0x2a170,0x100
Memory_Section_User_TLB_DDR_2_4_15,User_TLB_DDR_2_4,0x10e90d,0x100
Memory_Section_User_TLB_DDR_2_4_2,User_TLB_DDR_2_4,0x170d08,0x100
Memory_Section_User_TLB_DDR_2_4_32,User_TLB_DDR_2_4,0x29a1bb,0x100
Memory_Section_User_TLB_DDR_2_4_9,User_TLB_DDR_2_4,0x30f5a5,0x100
Memory_Section_User_TLB_DDR_2_4_37,User_TLB_DDR_2_4,0x6965a,0x400
Memory_Section_User_TLB_DDR_2_4_19,User_TLB_DDR_2_4,0x123e10,0x400
Memory_Section_User_TLB_DDR_2_4_8,User_TLB_DDR_2_4,0x13360e,0x400
Memory_Section_User_TLB_DDR_2_4_22,User_TLB_DDR_2_4,0x14ac55,0x400
Memory_Section_User_TLB_DDR_2_4_29,User_TLB_DDR_2_4,0x17fafd,0x400
Memory_Section_User_TLB_DDR_2_4_36,User_TLB_DDR_2_4,0x1adfce,0x400
Memory_Section_User_TLB_DDR_2_4_11,User_TLB_DDR_2_4,0x235c2e,0x400
Memory_Section_User_TLB_DDR_2_4_17,User_TLB_DDR_2_4,0x24bd12,0x400
Memory_Section_User_TLB_DDR_2_4_30,User_TLB_DDR_2_4,0x27e753,0x400
Memory_Section_User_TLB_DDR_2_4_26,User_TLB_DDR_2_4,0x31a1a9,0x400
Memory_Section_User_TLB_DDR_2_4_27,User_TLB_DDR_2_4,0x5582,0x1000
Memory_Section_User_TLB_DDR_2_4_13,User_TLB_DDR_2_4,0x18f48e,0x1000
Memory_Section_User_TLB_DDR_2_4_5,User_TLB_DDR_2_4,0x24ffe9,0x1000
Memory_Section_User_TLB_DDR_2_4_20,User_TLB_DDR_2_4,0x256d51,0x1000
Memory_Section_User_TLB_DDR_2_4_16,User_TLB_DDR_2_4,0x3063f3,0x1000
Memory_Section_User_TLB_DDR_2_3_17,User_TLB_DDR_2_3,0x97920,0x4
Memory_Section_User_TLB_DDR_2_3_41,User_TLB_DDR_2_3,0xdd8d4,0x4
Memory_Section_User_TLB_DDR_2_3_2,User_TLB_DDR_2_3,0x25557b,0x4
Memory_Section_User_TLB_DDR_2_3_22,User_TLB_DDR_2_3,0x2d0c22,0x4
Memory_Section_User_TLB_DDR_2_3_29,User_TLB_DDR_2_3,0x9a15,0x10
Memory_Section_User_TLB_DDR_2_3_36,User_TLB_DDR_2_3,0x5cff2,0x10
Memory_Section_User_TLB_DDR_2_3_7,User_TLB_DDR_2_3,0x6092b,0x10
Memory_Section_User_TLB_DDR_2_3_8,User_TLB_DDR_2_3,0xbeb93,0x10
Memory_Section_User_TLB_DDR_2_3_37,User_TLB_DDR_2_3,0xe4823,0x10
Memory_Section_User_TLB_DDR_2_3_24,User_TLB_DDR_2_3,0x13103e,0x10
Memory_Section_User_TLB_DDR_2_3_39,User_TLB_DDR_2_3,0x141dca,0x10
Memory_Section_User_TLB_DDR_2_3_28,User_TLB_DDR_2_3,0x171d28,0x10
Memory_Section_User_TLB_DDR_2_3_27,User_TLB_DDR_2_3,0x1a848b,0x10
Memory_Section_User_TLB_DDR_2_3_1,User_TLB_DDR_2_3,0x1aea60,0x10
Memory_Section_User_TLB_DDR_2_3_21,User_TLB_DDR_2_3,0x1e0367,0x10
Memory_Section_User_TLB_DDR_2_3_23,User_TLB_DDR_2_3,0x221796,0x10
Memory_Section_User_TLB_DDR_2_3_32,User_TLB_DDR_2_3,0x296ca4,0x10
Memory_Section_User_TLB_DDR_2_3_6,User_TLB_DDR_2_3,0x2ef6f7,0x10
Memory_Section_User_TLB_DDR_2_3_30,User_TLB_DDR_2_3,0x323ad7,0x10
Memory_Section_User_TLB_DDR_2_3_35,User_TLB_DDR_2_3,0x31f5e,0x40
Memory_Section_User_TLB_DDR_2_3_12,User_TLB_DDR_2_3,0x11312d,0x40
Memory_Section_User_TLB_DDR_2_3_0,User_TLB_DDR_2_3,0x11b307,0x40
Memory_Section_User_TLB_DDR_2_3_38,User_TLB_DDR_2_3,0x1bf28c,0x40
Memory_Section_User_TLB_DDR_2_3_26,User_TLB_DDR_2_3,0x20a3e9,0x40
Memory_Section_User_TLB_DDR_2_3_3,User_TLB_DDR_2_3,0x2584a5,0x40
Memory_Section_User_TLB_DDR_2_3_15,User_TLB_DDR_2_3,0x476b2,0x100
Memory_Section_User_TLB_DDR_2_3_4,User_TLB_DDR_2_3,0x709f5,0x100
Memory_Section_User_TLB_DDR_2_3_20,User_TLB_DDR_2_3,0xbf081,0x100
Memory_Section_User_TLB_DDR_2_3_33,User_TLB_DDR_2_3,0x1880c0,0x100
Memory_Section_User_TLB_DDR_2_3_34,User_TLB_DDR_2_3,0x285705,0x100
Memory_Section_User_TLB_DDR_2_3_13,User_TLB_DDR_2_3,0x3094e1,0x100
Memory_Section_User_TLB_DDR_2_3_9,User_TLB_DDR_2_3,0x1219c7,0x400
Memory_Section_User_TLB_DDR_2_3_5,User_TLB_DDR_2_3,0x1f8a68,0x400
Memory_Section_User_TLB_DDR_2_3_14,User_TLB_DDR_2_3,0x28a0b9,0x400
Memory_Section_User_TLB_DDR_2_3_40,User_TLB_DDR_2_3,0xca828,0x1000
Memory_Section_User_TLB_DDR_2_3_42,User_TLB_DDR_2_3,0xe8ce4,0x1000
Memory_Section_User_TLB_DDR_2_3_43,User_TLB_DDR_2_3,0x17e796,0x1000
Memory_Section_User_TLB_DDR_2_3_11,User_TLB_DDR_2_3,0x1c10a7,0x1000
Memory_Section_User_TLB_DDR_2_3_10,User_TLB_DDR_2_3,0x1f03a3,0x1000
Memory_Section_User_TLB_DDR_2_3_19,User_TLB_DDR_2_3,0x2bcde6,0x1000
Memory_Section_User_TLB_DDR_2_3_16,User_TLB_DDR_2_3,0x2da100,0x1000
Memory_Section_User_TLB_DDR_2_2_35,User_TLB_DDR_2_2,0xe18d2,0x4
Memory_Section_User_TLB_DDR_2_2_30,User_TLB_DDR_2_2,0xe6d92,0x4
Memory_Section_User_TLB_DDR_2_2_27,User_TLB_DDR_2_2,0x20700a,0x4
Memory_Section_User_TLB_DDR_2_2_11,User_TLB_DDR_2_2,0x2b19e5,0x4
Memory_Section_User_TLB_DDR_2_2_2,User_TLB_DDR_2_2,0xa997,0x10
Memory_Section_User_TLB_DDR_2_2_29,User_TLB_DDR_2_2,0x62838,0x10
Memory_Section_User_TLB_DDR_2_2_15,User_TLB_DDR_2_2,0x134803,0x10
Memory_Section_User_TLB_DDR_2_2_43,User_TLB_DDR_2_2,0x15b6f9,0x10
Memory_Section_User_TLB_DDR_2_2_4,User_TLB_DDR_2_2,0x1d4578,0x10
Memory_Section_User_TLB_DDR_2_2_0,User_TLB_DDR_2_2,0x3133cc,0x10
Memory_Section_User_TLB_DDR_2_2_44,User_TLB_DDR_2_2,0xb4ffa,0x40
Memory_Section_User_TLB_DDR_2_2_10,User_TLB_DDR_2_2,0xcecd5,0x40
Memory_Section_User_TLB_DDR_2_2_41,User_TLB_DDR_2_2,0x104990,0x40
Memory_Section_User_TLB_DDR_2_2_8,User_TLB_DDR_2_2,0x1d1dd8,0x40
Memory_Section_User_TLB_DDR_2_2_22,User_TLB_DDR_2_2,0x21abe7,0x40
Memory_Section_User_TLB_DDR_2_2_45,User_TLB_DDR_2_2,0x2cfd49,0x40
Memory_Section_User_TLB_DDR_2_2_16,User_TLB_DDR_2_2,0x46878,0x100
Memory_Section_User_TLB_DDR_2_2_14,User_TLB_DDR_2_2,0x595e0,0x100
Memory_Section_User_TLB_DDR_2_2_26,User_TLB_DDR_2_2,0x17b3e9,0x100
Memory_Section_User_TLB_DDR_2_2_23,User_TLB_DDR_2_2,0x1d26e7,0x100
Memory_Section_User_TLB_DDR_2_2_38,User_TLB_DDR_2_2,0x2936dc,0x100
Memory_Section_User_TLB_DDR_2_2_18,User_TLB_DDR_2_2,0x2b2a7e,0x100
Memory_Section_User_TLB_DDR_2_2_32,User_TLB_DDR_2_2,0x7d85f,0x400
Memory_Section_User_TLB_DDR_2_2_17,User_TLB_DDR_2_2,0x8132f,0x400
Memory_Section_User_TLB_DDR_2_2_33,User_TLB_DDR_2_2,0x123f44,0x400
Memory_Section_User_TLB_DDR_2_2_36,User_TLB_DDR_2_2,0x285276,0x400
Memory_Section_User_TLB_DDR_2_2_42,User_TLB_DDR_2_2,0x303476,0x400
Memory_Section_User_TLB_DDR_2_2_3,User_TLB_DDR_2_2,0x3063b6,0x400
Memory_Section_User_TLB_DDR_2_2_24,User_TLB_DDR_2_2,0x16ddf,0x1000
Memory_Section_User_TLB_DDR_2_2_19,User_TLB_DDR_2_2,0x31ade,0x1000
Memory_Section_User_TLB_DDR_2_2_5,User_TLB_DDR_2_2,0x35365,0x1000
Memory_Section_User_TLB_DDR_2_2_20,User_TLB_DDR_2_2,0x40847,0x1000
Memory_Section_User_TLB_DDR_2_2_7,User_TLB_DDR_2_2,0x40b6c,0x1000
Memory_Section_User_TLB_DDR_2_2_1,User_TLB_DDR_2_2,0x96ea8,0x1000
Memory_Section_User_TLB_DDR_2_2_39,User_TLB_DDR_2_2,0xaf7ce,0x1000
Memory_Section_User_TLB_DDR_2_2_25,User_TLB_DDR_2_2,0xd1b78,0x1000
Memory_Section_User_TLB_DDR_2_2_21,User_TLB_DDR_2_2,0xeb11e,0x1000
Memory_Section_User_TLB_DDR_2_2_28,User_TLB_DDR_2_2,0x1678dd,0x1000
Memory_Section_User_TLB_DDR_2_2_40,User_TLB_DDR_2_2,0x19a8af,0x1000
Memory_Section_User_TLB_DDR_2_2_37,User_TLB_DDR_2_2,0x1e7ba7,0x1000
Memory_Section_User_TLB_DDR_2_2_6,User_TLB_DDR_2_2,0x22d2b7,0x1000
Memory_Section_User_TLB_DDR_2_2_9,User_TLB_DDR_2_2,0x238397,0x1000
Memory_Section_User_TLB_DDR_2_2_12,User_TLB_DDR_2_2,0x270b86,0x1000
Memory_Section_User_TLB_DDR_2_2_31,User_TLB_DDR_2_2,0x2838ef,0x1000
Memory_Section_User_TLB_DDR_2_2_13,User_TLB_DDR_2_2,0x2b3448,0x1000
Memory_Section_User_TLB_DDR_2_0_28,User_TLB_DDR_2_0,0x26b079,0x4
Memory_Section_User_TLB_DDR_2_0_25,User_TLB_DDR_2_0,0x2c5524,0x4
Memory_Section_User_TLB_DDR_2_0_14,User_TLB_DDR_2_0,0x1005c,0x10
Memory_Section_User_TLB_DDR_2_0_37,User_TLB_DDR_2_0,0x1aad6,0x10
Memory_Section_User_TLB_DDR_2_0_32,User_TLB_DDR_2_0,0x24e24,0x10
Memory_Section_User_TLB_DDR_2_0_38,User_TLB_DDR_2_0,0xa2506,0x10
Memory_Section_User_TLB_DDR_2_0_1,User_TLB_DDR_2_0,0xc6ecc,0x10
Memory_Section_User_TLB_DDR_2_0_36,User_TLB_DDR_2_0,0x10498c,0x10
Memory_Section_User_TLB_DDR_2_0_31,User_TLB_DDR_2_0,0x16e5a9,0x10
Memory_Section_User_TLB_DDR_2_0_40,User_TLB_DDR_2_0,0x25c498,0x10
Memory_Section_User_TLB_DDR_2_0_16,User_TLB_DDR_2_0,0x2e483f,0x10
Memory_Section_User_TLB_DDR_2_0_21,User_TLB_DDR_2_0,0xb35c0,0x40
Memory_Section_User_TLB_DDR_2_0_23,User_TLB_DDR_2_0,0x13235e,0x40
Memory_Section_User_TLB_DDR_2_0_18,User_TLB_DDR_2_0,0x186829,0x40
Memory_Section_User_TLB_DDR_2_0_8,User_TLB_DDR_2_0,0x2ccf8,0x100
Memory_Section_User_TLB_DDR_2_0_6,User_TLB_DDR_2_0,0x10170f,0x100
Memory_Section_User_TLB_DDR_2_0_10,User_TLB_DDR_2_0,0x14dc87,0x100
Memory_Section_User_TLB_DDR_2_0_27,User_TLB_DDR_2_0,0x154251,0x100
Memory_Section_User_TLB_DDR_2_0_19,User_TLB_DDR_2_0,0x18603f,0x100
Memory_Section_User_TLB_DDR_2_0_20,User_TLB_DDR_2_0,0x19ed02,0x100
Memory_Section_User_TLB_DDR_2_0_5,User_TLB_DDR_2_0,0x243f28,0x100
Memory_Section_User_TLB_DDR_2_0_33,User_TLB_DDR_2_0,0x2a7a64,0x100
Memory_Section_User_TLB_DDR_2_0_34,User_TLB_DDR_2_0,0x3189e8,0x100
Memory_Section_User_TLB_DDR_2_0_26,User_TLB_DDR_2_0,0x499e0,0x400
Memory_Section_User_TLB_DDR_2_0_13,User_TLB_DDR_2_0,0xef7d7,0x400
Memory_Section_User_TLB_DDR_2_0_2,User_TLB_DDR_2_0,0xf5b1e,0x400
Memory_Section_User_TLB_DDR_2_0_22,User_TLB_DDR_2_0,0x1a5e4b,0x400
Memory_Section_User_TLB_DDR_2_0_29,User_TLB_DDR_2_0,0x1fe2b0,0x400
Memory_Section_User_TLB_DDR_2_0_12,User_TLB_DDR_2_0,0x294da1,0x400
Memory_Section_User_TLB_DDR_2_0_15,User_TLB_DDR_2_0,0x2a2c33,0x400
Memory_Section_User_TLB_DDR_2_0_4,User_TLB_DDR_2_0,0x2fb334,0x400
Memory_Section_User_TLB_DDR_2_0_35,User_TLB_DDR_2_0,0x311512,0x400
Memory_Section_User_TLB_DDR_2_0_30,User_TLB_DDR_2_0,0x3170a1,0x400
Memory_Section_User_TLB_DDR_2_0_3,User_TLB_DDR_2_0,0x1e898,0x1000
Memory_Section_User_TLB_DDR_2_0_17,User_TLB_DDR_2_0,0x803d2,0x1000
Memory_Section_User_TLB_DDR_2_0_41,User_TLB_DDR_2_0,0x91222,0x1000
Memory_Section_User_TLB_DDR_2_0_39,User_TLB_DDR_2_0,0x179f1c,0x1000
Memory_Section_User_TLB_DDR_2_0_9,User_TLB_DDR_2_0,0x198639,0x1000
Memory_Section_User_TLB_DDR_2_0_0,User_TLB_DDR_2_0,0x214bf7,0x1000
Memory_Section_User_TLB_DDR_2_0_11,User_TLB_DDR_2_0,0x22b42a,0x1000
Memory_Section_User_TLB_DDR_2_0_7,User_TLB_DDR_2_0,0x2d7844,0x1000
Memory_Section_User_TLB_DDR_1_8_34,User_TLB_DDR_1_8,0x75d694,0x4
Memory_Section_User_TLB_DDR_1_8_22,User_TLB_DDR_1_8,0xc52ac7,0x4
Memory_Section_User_TLB_DDR_1_8_6,User_TLB_DDR_1_8,0x128fca,0x10
Memory_Section_User_TLB_DDR_1_8_29,User_TLB_DDR_1_8,0x4b325b,0x10
Memory_Section_User_TLB_DDR_1_8_2,User_TLB_DDR_1_8,0x77e424,0x10
Memory_Section_User_TLB_DDR_1_8_14,User_TLB_DDR_1_8,0x8a1b7a,0x10
Memory_Section_User_TLB_DDR_1_8_4,User_TLB_DDR_1_8,0x911379,0x10
Memory_Section_User_TLB_DDR_1_8_17,User_TLB_DDR_1_8,0xbbfdf9,0x10
Memory_Section_User_TLB_DDR_1_8_39,User_TLB_DDR_1_8,0xbc6274,0x10
Memory_Section_User_TLB_DDR_1_8_23,User_TLB_DDR_1_8,0x252590,0x40
Memory_Section_User_TLB_DDR_1_8_24,User_TLB_DDR_1_8,0x2a5799,0x40
Memory_Section_User_TLB_DDR_1_8_33,User_TLB_DDR_1_8,0x41358b,0x40
Memory_Section_User_TLB_DDR_1_8_3,User_TLB_DDR_1_8,0x5162f7,0x40
Memory_Section_User_TLB_DDR_1_8_36,User_TLB_DDR_1_8,0x695cca,0x40
Memory_Section_User_TLB_DDR_1_8_32,User_TLB_DDR_1_8,0xa24407,0x40
Memory_Section_User_TLB_DDR_1_8_37,User_TLB_DDR_1_8,0xc5f0bb,0x40
Memory_Section_User_TLB_DDR_1_8_15,User_TLB_DDR_1_8,0x1516dd,0x100
Memory_Section_User_TLB_DDR_1_8_1,User_TLB_DDR_1_8,0x4716e6,0x100
Memory_Section_User_TLB_DDR_1_8_35,User_TLB_DDR_1_8,0x54cdd7,0x100
Memory_Section_User_TLB_DDR_1_8_30,User_TLB_DDR_1_8,0x8a5602,0x100
Memory_Section_User_TLB_DDR_1_8_26,User_TLB_DDR_1_8,0xb24cef,0x100
Memory_Section_User_TLB_DDR_1_8_10,User_TLB_DDR_1_8,0xb8e5bf,0x100
Memory_Section_User_TLB_DDR_1_8_18,User_TLB_DDR_1_8,0x27f48,0x400
Memory_Section_User_TLB_DDR_1_8_9,User_TLB_DDR_1_8,0x2e7f0a,0x400
Memory_Section_User_TLB_DDR_1_8_13,User_TLB_DDR_1_8,0x731116,0x400
Memory_Section_User_TLB_DDR_1_8_20,User_TLB_DDR_1_8,0x7e22ff,0x400
Memory_Section_User_TLB_DDR_1_8_19,User_TLB_DDR_1_8,0xa3d7e5,0x400
Memory_Section_User_TLB_DDR_1_8_16,User_TLB_DDR_1_8,0xbc6a48,0x400
Memory_Section_User_TLB_DDR_1_8_12,User_TLB_DDR_1_8,0x6f751,0x1000
Memory_Section_User_TLB_DDR_1_8_28,User_TLB_DDR_1_8,0x1fa21f,0x1000
Memory_Section_User_TLB_DDR_1_8_0,User_TLB_DDR_1_8,0x2c9f25,0x1000
Memory_Section_User_TLB_DDR_1_8_31,User_TLB_DDR_1_8,0x2f4716,0x1000
Memory_Section_User_TLB_DDR_1_8_7,User_TLB_DDR_1_8,0x38cb3e,0x1000
Memory_Section_User_TLB_DDR_1_8_11,User_TLB_DDR_1_8,0x5d25c7,0x1000
Memory_Section_User_TLB_DDR_1_8_25,User_TLB_DDR_1_8,0x67552f,0x1000
Memory_Section_User_TLB_DDR_1_8_5,User_TLB_DDR_1_8,0x681dba,0x1000
Memory_Section_User_TLB_DDR_1_8_21,User_TLB_DDR_1_8,0x6ce904,0x1000
Memory_Section_User_TLB_DDR_1_8_38,User_TLB_DDR_1_8,0x92c78d,0x1000
Memory_Section_User_TLB_DDR_1_8_8,User_TLB_DDR_1_8,0xa8ee18,0x1000
Memory_Section_User_TLB_DDR_1_3_21,User_TLB_DDR_1_3,0x4a934a,0x4
Memory_Section_User_TLB_DDR_1_3_0,User_TLB_DDR_1_3,0x4b9e7a,0x4
Memory_Section_User_TLB_DDR_1_3_4,User_TLB_DDR_1_3,0x66f4ac,0x4
Memory_Section_User_TLB_DDR_1_3_8,User_TLB_DDR_1_3,0x72ec2c,0x4
Memory_Section_User_TLB_DDR_1_3_34,User_TLB_DDR_1_3,0x810d40,0x4
Memory_Section_User_TLB_DDR_1_3_24,User_TLB_DDR_1_3,0x863455,0x4
Memory_Section_User_TLB_DDR_1_3_7,User_TLB_DDR_1_3,0x94bcd2,0x4
Memory_Section_User_TLB_DDR_1_3_14,User_TLB_DDR_1_3,0x9e4ac8,0x4
Memory_Section_User_TLB_DDR_1_3_2,User_TLB_DDR_1_3,0x1ac7d,0x10
Memory_Section_User_TLB_DDR_1_3_32,User_TLB_DDR_1_3,0x196b3e,0x10
Memory_Section_User_TLB_DDR_1_3_12,User_TLB_DDR_1_3,0x5cf2e0,0x10
Memory_Section_User_TLB_DDR_1_3_29,User_TLB_DDR_1_3,0x5f9054,0x10
Memory_Section_User_TLB_DDR_1_3_11,User_TLB_DDR_1_3,0x809e2d,0x10
Memory_Section_User_TLB_DDR_1_3_19,User_TLB_DDR_1_3,0x84f87c,0x10
Memory_Section_User_TLB_DDR_1_3_17,User_TLB_DDR_1_3,0xa8b71b,0x10
Memory_Section_User_TLB_DDR_1_3_13,User_TLB_DDR_1_3,0xbf8d0d,0x10
Memory_Section_User_TLB_DDR_1_3_23,User_TLB_DDR_1_3,0xc3ddeb,0x10
Memory_Section_User_TLB_DDR_1_3_31,User_TLB_DDR_1_3,0x473b52,0x40
Memory_Section_User_TLB_DDR_1_3_26,User_TLB_DDR_1_3,0x5ae29d,0x40
Memory_Section_User_TLB_DDR_1_3_3,User_TLB_DDR_1_3,0xc66d51,0x40
Memory_Section_User_TLB_DDR_1_3_33,User_TLB_DDR_1_3,0x14ca34,0x100
Memory_Section_User_TLB_DDR_1_3_35,User_TLB_DDR_1_3,0x287a01,0x100
Memory_Section_User_TLB_DDR_1_3_15,User_TLB_DDR_1_3,0x3ab931,0x100
Memory_Section_User_TLB_DDR_1_3_25,User_TLB_DDR_1_3,0x469f75,0x100
Memory_Section_User_TLB_DDR_1_3_27,User_TLB_DDR_1_3,0x64a198,0x100
Memory_Section_User_TLB_DDR_1_3_9,User_TLB_DDR_1_3,0x75f969,0x100
Memory_Section_User_TLB_DDR_1_3_16,User_TLB_DDR_1_3,0x7937c6,0x400
Memory_Section_User_TLB_DDR_1_3_37,User_TLB_DDR_1_3,0x7f924b,0x400
Memory_Section_User_TLB_DDR_1_3_20,User_TLB_DDR_1_3,0x8edb37,0x400
Memory_Section_User_TLB_DDR_1_3_38,User_TLB_DDR_1_3,0x90debc,0x400
Memory_Section_User_TLB_DDR_1_3_6,User_TLB_DDR_1_3,0xbb27f1,0x400
Memory_Section_User_TLB_DDR_1_3_30,User_TLB_DDR_1_3,0xca9cbb,0x400
Memory_Section_User_TLB_DDR_1_3_22,User_TLB_DDR_1_3,0x514a74,0x1000
Memory_Section_User_TLB_DDR_1_3_18,User_TLB_DDR_1_3,0x6a80cb,0x1000
Memory_Section_User_TLB_DDR_1_3_1,User_TLB_DDR_1_3,0x7bd0c5,0x1000
Memory_Section_User_TLB_DDR_1_3_5,User_TLB_DDR_1_3,0x7c0e1f,0x1000
Memory_Section_User_TLB_DDR_1_6_33,User_TLB_DDR_1_6,0x5ecd0c,0x4
Memory_Section_User_TLB_DDR_1_6_40,User_TLB_DDR_1_6,0x753c2d,0x4
Memory_Section_User_TLB_DDR_1_6_30,User_TLB_DDR_1_6,0x8c07c1,0x4
Memory_Section_User_TLB_DDR_1_6_36,User_TLB_DDR_1_6,0x8fba61,0x4
Memory_Section_User_TLB_DDR_1_6_37,User_TLB_DDR_1_6,0xb27921,0x4
Memory_Section_User_TLB_DDR_1_6_19,User_TLB_DDR_1_6,0x30bd05,0x10
Memory_Section_User_TLB_DDR_1_6_23,User_TLB_DDR_1_6,0x56c186,0x10
Memory_Section_User_TLB_DDR_1_6_28,User_TLB_DDR_1_6,0x64b747,0x10
Memory_Section_User_TLB_DDR_1_6_8,User_TLB_DDR_1_6,0x8501b5,0x10
Memory_Section_User_TLB_DDR_1_6_27,User_TLB_DDR_1_6,0x93fdf0,0x10
Memory_Section_User_TLB_DDR_1_6_16,User_TLB_DDR_1_6,0xbdcbbe,0x10
Memory_Section_User_TLB_DDR_1_6_3,User_TLB_DDR_1_6,0x2df617,0x40
Memory_Section_User_TLB_DDR_1_6_15,User_TLB_DDR_1_6,0x3a46a4,0x40
Memory_Section_User_TLB_DDR_1_6_24,User_TLB_DDR_1_6,0xb8484c,0x40
Memory_Section_User_TLB_DDR_1_6_7,User_TLB_DDR_1_6,0xa7a12,0x100
Memory_Section_User_TLB_DDR_1_6_35,User_TLB_DDR_1_6,0x200572,0x100
Memory_Section_User_TLB_DDR_1_6_20,User_TLB_DDR_1_6,0x5b6dac,0x100
Memory_Section_User_TLB_DDR_1_6_6,User_TLB_DDR_1_6,0x7e8a2c,0x100
Memory_Section_User_TLB_DDR_1_6_11,User_TLB_DDR_1_6,0x98f430,0x100
Memory_Section_User_TLB_DDR_1_6_41,User_TLB_DDR_1_6,0xbdc2e4,0x100
Memory_Section_User_TLB_DDR_1_6_5,User_TLB_DDR_1_6,0x867f0,0x400
Memory_Section_User_TLB_DDR_1_6_39,User_TLB_DDR_1_6,0x226f26,0x400
Memory_Section_User_TLB_DDR_1_6_22,User_TLB_DDR_1_6,0x4a2589,0x400
Memory_Section_User_TLB_DDR_1_6_31,User_TLB_DDR_1_6,0x640401,0x400
Memory_Section_User_TLB_DDR_1_6_10,User_TLB_DDR_1_6,0x7ab708,0x400
Memory_Section_User_TLB_DDR_1_6_4,User_TLB_DDR_1_6,0xa9a479,0x400
Memory_Section_User_TLB_DDR_1_6_38,User_TLB_DDR_1_6,0xb9d22c,0x400
Memory_Section_User_TLB_DDR_1_6_18,User_TLB_DDR_1_6,0xd1907,0x1000
Memory_Section_User_TLB_DDR_1_6_0,User_TLB_DDR_1_6,0x1379cd,0x1000
Memory_Section_User_TLB_DDR_1_6_29,User_TLB_DDR_1_6,0x45489c,0x1000
Memory_Section_User_TLB_DDR_1_6_25,User_TLB_DDR_1_6,0x54b80f,0x1000
Memory_Section_User_TLB_DDR_1_6_2,User_TLB_DDR_1_6,0x586854,0x1000
Memory_Section_User_TLB_DDR_1_6_32,User_TLB_DDR_1_6,0x5e4528,0x1000
Memory_Section_User_TLB_DDR_1_6_17,User_TLB_DDR_1_6,0x633733,0x1000
Memory_Section_User_TLB_DDR_1_6_12,User_TLB_DDR_1_6,0x91def8,0x1000
Memory_Section_User_TLB_DDR_1_6_13,User_TLB_DDR_1_6,0xac1ff2,0x1000
Memory_Section_User_TLB_DDR_1_6_34,User_TLB_DDR_1_6,0xb18ab8,0x1000
Memory_Section_User_TLB_DDR_1_6_21,User_TLB_DDR_1_6,0xca090c,0x1000
Memory_Section_User_TLB_DDR_1_4_10,User_TLB_DDR_1_4,0x39a625,0x4
Memory_Section_User_TLB_DDR_1_4_27,User_TLB_DDR_1_4,0x3a60fc,0x4
Memory_Section_User_TLB_DDR_1_4_37,User_TLB_DDR_1_4,0x3d3bed,0x4
Memory_Section_User_TLB_DDR_1_4_3,User_TLB_DDR_1_4,0x53a4fc,0x4
Memory_Section_User_TLB_DDR_1_4_9,User_TLB_DDR_1_4,0x77e211,0x4
Memory_Section_User_TLB_DDR_1_4_13,User_TLB_DDR_1_4,0xb21db2,0x4
Memory_Section_User_TLB_DDR_1_4_16,User_TLB_DDR_1_4,0xc6b11f,0x4
Memory_Section_User_TLB_DDR_1_4_29,User_TLB_DDR_1_4,0xd8b2f,0x10
Memory_Section_User_TLB_DDR_1_4_32,User_TLB_DDR_1_4,0x350d97,0x10
Memory_Section_User_TLB_DDR_1_4_42,User_TLB_DDR_1_4,0x9a6728,0x10
Memory_Section_User_TLB_DDR_1_4_14,User_TLB_DDR_1_4,0xa06035,0x10
Memory_Section_User_TLB_DDR_1_4_35,User_TLB_DDR_1_4,0xb00def,0x10
Memory_Section_User_TLB_DDR_1_4_40,User_TLB_DDR_1_4,0xba4ee4,0x10
Memory_Section_User_TLB_DDR_1_4_21,User_TLB_DDR_1_4,0xbdf000,0x10
Memory_Section_User_TLB_DDR_1_4_12,User_TLB_DDR_1_4,0x11d748,0x40
Memory_Section_User_TLB_DDR_1_4_26,User_TLB_DDR_1_4,0x3f1f9d,0x40
Memory_Section_User_TLB_DDR_1_4_33,User_TLB_DDR_1_4,0x46ea0e,0x40
Memory_Section_User_TLB_DDR_1_4_41,User_TLB_DDR_1_4,0x4eafc0,0x40
Memory_Section_User_TLB_DDR_1_4_5,User_TLB_DDR_1_4,0x5cd1c3,0x40
Memory_Section_User_TLB_DDR_1_4_39,User_TLB_DDR_1_4,0x83dc5a,0x40
Memory_Section_User_TLB_DDR_1_4_17,User_TLB_DDR_1_4,0x8ea1e6,0x40
Memory_Section_User_TLB_DDR_1_4_19,User_TLB_DDR_1_4,0xa69ef5,0x40
Memory_Section_User_TLB_DDR_1_4_8,User_TLB_DDR_1_4,0xadaad3,0x40
Memory_Section_User_TLB_DDR_1_4_25,User_TLB_DDR_1_4,0xb48331,0x40
Memory_Section_User_TLB_DDR_1_4_7,User_TLB_DDR_1_4,0xc09b7d,0x40
Memory_Section_User_TLB_DDR_1_4_2,User_TLB_DDR_1_4,0x43ff6,0x100
Memory_Section_User_TLB_DDR_1_4_6,User_TLB_DDR_1_4,0x215539,0x100
Memory_Section_User_TLB_DDR_1_4_24,User_TLB_DDR_1_4,0x258670,0x100
Memory_Section_User_TLB_DDR_1_4_1,User_TLB_DDR_1_4,0x266b05,0x100
Memory_Section_User_TLB_DDR_1_4_34,User_TLB_DDR_1_4,0x67f950,0x100
Memory_Section_User_TLB_DDR_1_4_20,User_TLB_DDR_1_4,0x6ad661,0x100
Memory_Section_User_TLB_DDR_1_4_38,User_TLB_DDR_1_4,0xa3d96c,0x100
Memory_Section_User_TLB_DDR_1_4_4,User_TLB_DDR_1_4,0xb6862,0x400
Memory_Section_User_TLB_DDR_1_4_36,User_TLB_DDR_1_4,0x7b9400,0x400
Memory_Section_User_TLB_DDR_1_4_28,User_TLB_DDR_1_4,0x14766,0x1000
Memory_Section_User_TLB_DDR_1_4_31,User_TLB_DDR_1_4,0x23dcbb,0x1000
Memory_Section_User_TLB_DDR_1_4_18,User_TLB_DDR_1_4,0x37c257,0x1000
Memory_Section_User_TLB_DDR_1_4_23,User_TLB_DDR_1_4,0x7477ff,0x1000
Memory_Section_User_TLB_DDR_1_4_0,User_TLB_DDR_1_4,0x83c01f,0x1000
Memory_Section_User_TLB_DDR_1_4_11,User_TLB_DDR_1_4,0xa30bd0,0x1000
