Name,TLB,Size,Alignment,Start Address
Memory_Section_User_TLB_DDR_6_4_8,User_TLB_DDR_6_4,7af,10,5512d2a0
Memory_Section_User_TLB_DDR_4_3_19,User_TLB_DDR_4_3,2081c,4,543d8828
Memory_Section_User_TLB_DDR_2_2_13,User_TLB_DDR_2_2,911d6,1000,48d64000
Memory_Section_User_TLB_DDR_1_5_1,User_TLB_DDR_1_5,a8b0b5,4,3c3b41d4
Memory_Section_User_TLB_DDR_1_2_6,User_TLB_DDR_1_2,9d2139,1000,12dbd000
Memory_Section_User_TLB_DDR_4_7_1,User_TLB_DDR_4_7,2c0d2,40,549a8100
Memory_Section_User_TLB_DDR_4_7_0,User_TLB_DDR_4_7,28f2b,100,548f8400
Memory_Section_User_TLB_DDR_6_3_37,User_TLB_DDR_6_3,842,1000,55112000
Memory_Section_User_TLB_DDR_5_1_23,User_TLB_DDR_5_1,1569,1000,550c8000
Memory_Section_User_TLB_DDR_4_3_29,User_TLB_DDR_4_3,fd3d,100,54160e00
Memory_Section_User_TLB_DDR_4_4_11,User_TLB_DDR_4_4,276c1,100,54d09900
Memory_Section_User_TLB_DDR_5_5_36,User_TLB_DDR_5_5,1de5,1000,55012000
Memory_Section_User_TLB_DDR_2_2_7,User_TLB_DDR_2_2,1bac57,10,4b216030
Memory_Section_User_TLB_DDR_4_5_20,User_TLB_DDR_4_5,2cf8d,4,547c92b8
Memory_Section_User_TLB_DDR_3_1_31,User_TLB_DDR_3_1,33e5e,1000,51180000
Memory_Section_User_TLB_DDR_4_4_2,User_TLB_DDR_4_4,2dff,10,54eb7bc0
Memory_Section_User_TLB_DDR_5_5_11,User_TLB_DDR_5_5,11aa,400,55021000
Memory_Section_User_TLB_DDR_4_7_11,User_TLB_DDR_4_7,13a6f,100,54921400
Memory_Section_User_TLB_DDR_5_4_9,User_TLB_DDR_5_4,28d5,4,550b6948
Memory_Section_User_TLB_DDR_5_3_35,User_TLB_DDR_5_3,2f98,10,55061050
Memory_Section_User_TLB_DDR_1_1_0,User_TLB_DDR_1_1,c12fc0,10,28266660
Memory_Section_User_TLB_DDR_1_3_31,User_TLB_DDR_1_3,2335e7,4,fe96f08
Memory_Section_User_TLB_DDR_5_5_4,User_TLB_DDR_5_5,30ee,1000,55008000
Memory_Section_User_TLB_DDR_2_2_25,User_TLB_DDR_2_2,10048f,10,4b3d0c90
Memory_Section_User_TLB_DDR_1_1_1,User_TLB_DDR_1_1,6de3a0,10,2a3fc150
Memory_Section_User_TLB_DDR_4_3_26,User_TLB_DDR_4_3,31e99,100,540cd700
Memory_Section_User_TLB_DDR_2_1_35,User_TLB_DDR_2_1,31af23,400,44ab4c00
Memory_Section_User_TLB_DDR_5_4_3,User_TLB_DDR_5_4,119c,400,5509a800
Memory_Section_User_TLB_DDR_1_3_20,User_TLB_DDR_1_3,8234a,400,5468000
Memory_Section_User_TLB_DDR_5_1_10,User_TLB_DDR_5_1,b98,1000,550cc000
Memory_Section_User_TLB_DDR_2_3_19,User_TLB_DDR_2_3,15dab7,4,43c942e8
Memory_Section_User_TLB_DDR_2_2_33,User_TLB_DDR_2_2,c9851,4,4bed235c
Memory_Section_User_TLB_DDR_3_1_29,User_TLB_DDR_3_1,3959d,100,5193e400
Memory_Section_User_TLB_DDR_6_2_0,User_TLB_DDR_6_2,ba1,400,55135400
Memory_Section_User_TLB_DDR_2_2_27,User_TLB_DDR_2_2,31f316,100,49729900
Memory_Section_User_TLB_DDR_3_1_26,User_TLB_DDR_3_1,73674,10,51e9df50
Memory_Section_User_TLB_DDR_4_3_6,User_TLB_DDR_4_3,29472,10,54335710
Memory_Section_User_TLB_DDR_3_3_32,User_TLB_DDR_3_3,5f780,100,527f3d00
Memory_Section_User_TLB_DDR_5_5_37,User_TLB_DDR_5_5,434,1000,55018000
Memory_Section_User_TLB_DDR_4_4_24,User_TLB_DDR_4_4,7857,400,54d02000
Memory_Section_User_TLB_DDR_3_1_24,User_TLB_DDR_3_1,b8ec2,40,519779c0
Memory_Section_User_TLB_DDR_3_0_22,User_TLB_DDR_3_0,5feba,10,53b8c660
Memory_Section_User_TLB_DDR_3_1_1,User_TLB_DDR_3_1,94f66,40,51ad0580
Memory_Section_User_TLB_DDR_1_5_9,User_TLB_DDR_1_5,42b459,400,34c81c00
Memory_Section_User_TLB_DDR_6_2_35,User_TLB_DDR_6_2,3b9,1000,55135000
Memory_Section_User_TLB_DDR_2_1_16,User_TLB_DDR_2_1,24825a,10,474b7590
Memory_Section_User_TLB_DDR_4_4_14,User_TLB_DDR_4_4,1554b,40,54df65c0
Memory_Section_User_TLB_DDR_1_1_25,User_TLB_DDR_1_1,69f989,10,2aada4f0
Memory_Section_User_TLB_DDR_5_3_12,User_TLB_DDR_5_3,1a7f,100,55054d00
Memory_Section_User_TLB_DDR_2_2_37,User_TLB_DDR_2_2,3f099,100,4a323500
Memory_Section_User_TLB_DDR_5_3_17,User_TLB_DDR_5_3,1eb8,40,5505c540
Memory_Section_User_TLB_DDR_1_5_11,User_TLB_DDR_1_5,a87b9e,40,383ec6c0
Memory_Section_User_TLB_DDR_1_3_32,User_TLB_DDR_1_3,a8f797,10,a0630d0
Memory_Section_User_TLB_DDR_4_3_8,User_TLB_DDR_4_3,3097a,40,541ced80
Memory_Section_User_TLB_DDR_6_3_2,User_TLB_DDR_6_3,b48,40,55119700
Memory_Section_User_TLB_DDR_2_1_12,User_TLB_DDR_2_1,208236,4,47e01fb8
Memory_Section_User_TLB_DDR_3_4_28,User_TLB_DDR_3_4,333b5,100,505aee00
Memory_Section_User_TLB_DDR_6_2_40,User_TLB_DDR_6_2,a59,10,5513d6a0
Memory_Section_User_TLB_DDR_4_4_34,User_TLB_DDR_4_4,1ba34,4,54fa6518
Memory_Section_User_TLB_DDR_1_2_5,User_TLB_DDR_1_2,90c3cf,400,16b13000
Memory_Section_User_TLB_DDR_5_5_8,User_TLB_DDR_5_5,21c2,4,5503b168
Memory_Section_User_TLB_DDR_1_1_28,User_TLB_DDR_1_1,3bbe15,1000,21bef000
Memory_Section_User_TLB_DDR_6_0_14,User_TLB_DDR_6_0,186,100,55100a00
Memory_Section_User_TLB_DDR_2_4_2,User_TLB_DDR_2_4,28066,10,4f466aa0
Memory_Section_User_TLB_DDR_1_1_29,User_TLB_DDR_1_1,26a31a,40,273a10c0
Memory_Section_User_TLB_DDR_1_2_8,User_TLB_DDR_1_2,223032,40,1b6ba0c0
Memory_Section_User_TLB_DDR_3_4_14,User_TLB_DDR_3_4,b9ba6,400,5023b000
Memory_Section_User_TLB_DDR_2_2_0,User_TLB_DDR_2_2,a2cc0,40,4ab12dc0
Memory_Section_User_TLB_DDR_5_4_22,User_TLB_DDR_5_4,332f,40,550a9440
Memory_Section_User_TLB_DDR_3_4_19,User_TLB_DDR_3_4,9824e,100,5044c800
Memory_Section_User_TLB_DDR_5_3_1,User_TLB_DDR_5_3,459,400,55041800
Memory_Section_User_TLB_DDR_5_3_9,User_TLB_DDR_5_3,53f,10,55043730
Memory_Section_User_TLB_DDR_2_2_15,User_TLB_DDR_2_2,2ec3cb,1000,482f6000
Memory_Section_User_TLB_DDR_2_2_3,User_TLB_DDR_2_2,d0cb6,400,4950e400
Memory_Section_User_TLB_DDR_2_4_3,User_TLB_DDR_2_4,16923c,400,4d53c000
Memory_Section_User_TLB_DDR_5_5_28,User_TLB_DDR_5_5,b2f,100,55007100
Memory_Section_User_TLB_DDR_3_1_18,User_TLB_DDR_3_1,313d4,400,51652c00
Memory_Section_User_TLB_DDR_2_2_28,User_TLB_DDR_2_2,186dce,400,49387400
Memory_Section_User_TLB_DDR_2_1_9,User_TLB_DDR_2_1,85223,10,47aa0500
Memory_Section_User_TLB_DDR_2_4_29,User_TLB_DDR_2_4,80456,10,4f33b340
Memory_Section_User_TLB_DDR_3_4_3,User_TLB_DDR_3_4,afa01,10,50876950
Memory_Section_User_TLB_DDR_2_2_23,User_TLB_DDR_2_2,9a505,10,4b5c3920
Memory_Section_User_TLB_DDR_5_5_3,User_TLB_DDR_5_5,19ff,400,5501d800
Memory_Section_User_TLB_DDR_6_4_16,User_TLB_DDR_6_4,a0b,400,55128c00
Memory_Section_User_TLB_DDR_2_2_30,User_TLB_DDR_2_2,d59e5,100,4a204e00
Memory_Section_User_TLB_DDR_4_4_29,User_TLB_DDR_4_4,3975,100,54dc4c00
Memory_Section_User_TLB_DDR_5_1_17,User_TLB_DDR_5_1,2f9a,40,550dda00
Memory_Section_User_TLB_DDR_3_1_16,User_TLB_DDR_3_1,31262,400,51684000
Memory_Section_User_TLB_DDR_3_3_18,User_TLB_DDR_3_3,b9338,400,52217c00
Memory_Section_User_TLB_DDR_3_0_3,User_TLB_DDR_3_0,8cb63,400,53384400
Memory_Section_User_TLB_DDR_6_2_30,User_TLB_DDR_6_2,a0f,40,5513a500
Memory_Section_User_TLB_DDR_1_3_23,User_TLB_DDR_1_3,7885fe,1000,28a2000
Memory_Section_User_TLB_DDR_6_3_23,User_TLB_DDR_6_3,ad9,400,55114400
Memory_Section_User_TLB_DDR_3_3_3,User_TLB_DDR_3_3,2f2d5,10,52cce550
Memory_Section_User_TLB_DDR_2_1_5,User_TLB_DDR_2_1,30ba49,1000,44000000
Memory_Section_User_TLB_DDR_2_3_7,User_TLB_DDR_2_3,6b190,400,415ef000
Memory_Section_User_TLB_DDR_6_0_8,User_TLB_DDR_6_0,5c,10,55100b90
Memory_Section_User_TLB_DDR_2_4_28,User_TLB_DDR_2_4,95676,10,4f2a5cc0
Memory_Section_User_TLB_DDR_3_0_30,User_TLB_DDR_3_0,17c71,1000,53223000
Memory_Section_User_TLB_DDR_1_2_2,User_TLB_DDR_1_2,92a01d,4,1d8cc568
Memory_Section_User_TLB_DDR_4_4_26,User_TLB_DDR_4_4,743b,10,54eb0780
Memory_Section_User_TLB_DDR_2_4_24,User_TLB_DDR_2_4,9c332,1000,4c64d000
Memory_Section_User_TLB_DDR_6_0_37,User_TLB_DDR_6_0,8d2,40,5510b740
Memory_Section_User_TLB_DDR_2_2_43,User_TLB_DDR_2_2,f27f5,10,4b4d1120
Memory_Section_User_TLB_DDR_6_4_11,User_TLB_DDR_6_4,840,1000,55122000
Memory_Section_User_TLB_DDR_2_3_17,User_TLB_DDR_2_3,29213e,4,436c2298
Memory_Section_User_TLB_DDR_4_3_4,User_TLB_DDR_4_3,af73,4,543f9044
Memory_Section_User_TLB_DDR_1_1_38,User_TLB_DDR_1_1,78751a,1000,2092e000
Memory_Section_User_TLB_DDR_2_2_22,User_TLB_DDR_2_2,1f3aec,400,48df5400
Memory_Section_User_TLB_DDR_1_5_36,User_TLB_DDR_1_5,64e58b,1000,327d0000
Memory_Section_User_TLB_DDR_3_0_37,User_TLB_DDR_3_0,2f3ef,40,538ea3c0
Memory_Section_User_TLB_DDR_4_4_31,User_TLB_DDR_4_4,2ca09,1000,54c00000
Memory_Section_User_TLB_DDR_6_4_13,User_TLB_DDR_6_4,4f2,4,5512fc44
Memory_Section_User_TLB_DDR_6_4_2,User_TLB_DDR_6_4,6bd,400,55125800
Memory_Section_User_TLB_DDR_3_0_15,User_TLB_DDR_3_0,34382,1000,531cf000
Memory_Section_User_TLB_DDR_3_3_29,User_TLB_DDR_3_3,4444b,40,52abe9c0
Memory_Section_User_TLB_DDR_3_3_20,User_TLB_DDR_3_3,30a1b,1000,521e7000
Memory_Section_User_TLB_DDR_1_2_16,User_TLB_DDR_1_2,b11a49,4,1cdbab1c
Memory_Section_User_TLB_DDR_2_1_6,User_TLB_DDR_2_1,2949b7,4,47b6d600
Memory_Section_User_TLB_DDR_6_2_6,User_TLB_DDR_6_2,3fd,40,5513c600
Memory_Section_User_TLB_DDR_4_7_6,User_TLB_DDR_4_7,1342,40,54aeb0c0
Memory_Section_User_TLB_DDR_2_3_34,User_TLB_DDR_2_3,2b37c3,100,41c5c000
Memory_Section_User_TLB_DDR_6_0_13,User_TLB_DDR_6_0,1af,10,55103460
Memory_Section_User_TLB_DDR_6_3_27,User_TLB_DDR_6_3,41f,10,5511dd10
Memory_Section_User_TLB_DDR_6_2_36,User_TLB_DDR_6_2,937,100,55137600
Memory_Section_User_TLB_DDR_1_3_6,User_TLB_DDR_1_3,a1c4b6,4,cd2b0a8
Memory_Section_User_TLB_DDR_4_5_8,User_TLB_DDR_4_5,66c,100,54429600
Memory_Section_User_TLB_DDR_5_3_33,User_TLB_DDR_5_3,3117,4,5506a0e0
Memory_Section_User_TLB_DDR_4_4_36,User_TLB_DDR_4_4,2527d,10,54e39ee0
Memory_Section_User_TLB_DDR_4_7_9,User_TLB_DDR_4_7,5c91,1000,54825000
Memory_Section_User_TLB_DDR_1_5_20,User_TLB_DDR_1_5,8c1b2,10,3c328020
Memory_Section_User_TLB_DDR_4_7_23,User_TLB_DDR_4_7,1ad39,40,54a6d740
Memory_Section_User_TLB_DDR_1_2_22,User_TLB_DDR_1_2,523e7b,1000,14393000
Memory_Section_User_TLB_DDR_5_4_30,User_TLB_DDR_5_4,22f6,4,550bb798
Memory_Section_User_TLB_DDR_2_2_29,User_TLB_DDR_2_2,1efb23,400,48fe9000
Memory_Section_User_TLB_DDR_4_7_24,User_TLB_DDR_4_7,1a571,400,54873400
Memory_Section_User_TLB_DDR_5_3_24,User_TLB_DDR_5_3,1995,40,5505e400
Memory_Section_User_TLB_DDR_2_3_26,User_TLB_DDR_2_3,d476b,40,42bb96c0
Memory_Section_User_TLB_DDR_3_3_31,User_TLB_DDR_3_3,170e,100,528c4200
Memory_Section_User_TLB_DDR_6_3_12,User_TLB_DDR_6_3,204,100,55110d00
Memory_Section_User_TLB_DDR_4_4_17,User_TLB_DDR_4_4,24d2e,400,54c8d400
Memory_Section_User_TLB_DDR_3_3_36,User_TLB_DDR_3_3,7534e,40,52a49640
Memory_Section_User_TLB_DDR_5_4_28,User_TLB_DDR_5_4,1952,400,55094400
Memory_Section_User_TLB_DDR_5_4_29,User_TLB_DDR_5_4,513,40,5508a240
Memory_Section_User_TLB_DDR_2_4_7,User_TLB_DDR_2_4,fdfb3,4,4fe7e1b8
Memory_Section_User_TLB_DDR_3_4_8,User_TLB_DDR_3_4,ac1ce,1000,500cd000
Memory_Section_User_TLB_DDR_6_2_42,User_TLB_DDR_6_2,95f,1000,55133000
Memory_Section_User_TLB_DDR_1_3_1,User_TLB_DDR_1_3,593e91,40,8e5fb80
Memory_Section_User_TLB_DDR_5_1_3,User_TLB_DDR_5_1,135d,1000,550ca000
Memory_Section_User_TLB_DDR_3_3_10,User_TLB_DDR_3_3,ba50e,100,524e5500
Memory_Section_User_TLB_DDR_6_0_35,User_TLB_DDR_6_0,bc,40,55100f00
Memory_Section_User_TLB_DDR_5_1_24,User_TLB_DDR_5_1,1362,400,550d4800
Memory_Section_User_TLB_DDR_4_7_25,User_TLB_DDR_4_7,2b318,40,549d4200
Memory_Section_User_TLB_DDR_6_2_26,User_TLB_DDR_6_2,6a0,40,5513af40
Memory_Section_User_TLB_DDR_6_4_28,User_TLB_DDR_6_4,806,1000,55123000
Memory_Section_User_TLB_DDR_6_0_21,User_TLB_DDR_6_0,5b3,4,5510fa94
Memory_Section_User_TLB_DDR_1_2_23,User_TLB_DDR_1_2,c18057,40,1985aec0
Memory_Section_User_TLB_DDR_4_4_3,User_TLB_DDR_4_4,12354,100,54daab00
Memory_Section_User_TLB_DDR_2_1_24,User_TLB_DDR_2_1,117e84,40,4739f700
Memory_Section_User_TLB_DDR_5_1_38,User_TLB_DDR_5_1,22dc,100,550d8700
Memory_Section_User_TLB_DDR_1_5_18,User_TLB_DDR_1_5,c5aea4,10,39df3b90
Memory_Section_User_TLB_DDR_2_2_12,User_TLB_DDR_2_2,26ae9d,4,4b996734
Memory_Section_User_TLB_DDR_6_4_6,User_TLB_DDR_6_4,b5b,4,5512e908
Memory_Section_User_TLB_DDR_4_7_22,User_TLB_DDR_4_7,405d,1000,5482b000
Memory_Section_User_TLB_DDR_6_3_15,User_TLB_DDR_6_3,8b0,400,55115000
Memory_Section_User_TLB_DDR_5_3_36,User_TLB_DDR_5_3,1a,1000,55046000
Memory_Section_User_TLB_DDR_2_1_27,User_TLB_DDR_2_1,233e6c,10,476ff7f0
Memory_Section_User_TLB_DDR_2_1_26,User_TLB_DDR_2_1,2a1a15,1000,4430c000
Memory_Section_User_TLB_DDR_5_5_42,User_TLB_DDR_5_5,15f4,1000,55014000
Memory_Section_User_TLB_DDR_3_3_37,User_TLB_DDR_3_3,b0834,100,5259fb00
Memory_Section_User_TLB_DDR_5_5_0,User_TLB_DDR_5_5,216a,100,55024200
Memory_Section_User_TLB_DDR_2_4_35,User_TLB_DDR_2_4,2885ff,4,4fa21f34
Memory_Section_User_TLB_DDR_3_3_39,User_TLB_DDR_3_3,b1cce,10,52b37a90
Memory_Section_User_TLB_DDR_2_1_30,User_TLB_DDR_2_1,27994d,400,45073c00
Memory_Section_User_TLB_DDR_6_0_16,User_TLB_DDR_6_0,3ea,40,5510c500
Memory_Section_User_TLB_DDR_3_4_26,User_TLB_DDR_3_4,6942b,4,50fa43d8
Memory_Section_User_TLB_DDR_6_3_1,User_TLB_DDR_6_3,c0f,1000,55110000
Memory_Section_User_TLB_DDR_3_1_36,User_TLB_DDR_3_1,7e8b,400,516c2c00
Memory_Section_User_TLB_DDR_5_1_13,User_TLB_DDR_5_1,2810,400,550d0400
Memory_Section_User_TLB_DDR_2_4_5,User_TLB_DDR_2_4,294d4f,1000,4c000000
Memory_Section_User_TLB_DDR_6_2_19,User_TLB_DDR_6_2,3a1,4,5513fd28
Memory_Section_User_TLB_DDR_5_4_17,User_TLB_DDR_5_4,1694,400,55096000
Memory_Section_User_TLB_DDR_1_3_18,User_TLB_DDR_1_3,4ba054,4,f7434f0
Memory_Section_User_TLB_DDR_6_3_34,User_TLB_DDR_6_3,3f1,400,55111c00
Memory_Section_User_TLB_DDR_4_4_20,User_TLB_DDR_4_4,1fd4e,1000,54c2d000
Memory_Section_User_TLB_DDR_6_0_27,User_TLB_DDR_6_0,960,100,55107800
Memory_Section_User_TLB_DDR_3_4_11,User_TLB_DDR_3_4,a23d0,10,50a6eca0
Memory_Section_User_TLB_DDR_1_2_26,User_TLB_DDR_1_2,6aa35c,1000,13790000
Memory_Section_User_TLB_DDR_6_2_37,User_TLB_DDR_6_2,577,4,5513f3c8
Memory_Section_User_TLB_DDR_1_1_26,User_TLB_DDR_1_1,37d6b1,40,27023a00
Memory_Section_User_TLB_DDR_2_3_16,User_TLB_DDR_2_3,be61d,100,42573000
Memory_Section_User_TLB_DDR_1_3_15,User_TLB_DDR_1_3,b0f993,10,9553730
Memory_Section_User_TLB_DDR_2_3_28,User_TLB_DDR_2_3,14ab8c,400,413f3400
Memory_Section_User_TLB_DDR_3_0_4,User_TLB_DDR_3_0,1f7a7,400,53502800
Memory_Section_User_TLB_DDR_2_3_32,User_TLB_DDR_2_3,2f9eb9,1000,40316000
Memory_Section_User_TLB_DDR_2_4_16,User_TLB_DDR_2_4,31a45d,400,4c727c00
Memory_Section_User_TLB_DDR_4_5_32,User_TLB_DDR_4_5,2702c,10,547397b0
Memory_Section_User_TLB_DDR_3_3_2,User_TLB_DDR_3_3,57e46,4,52f94d98
Memory_Section_User_TLB_DDR_1_5_0,User_TLB_DDR_1_5,3ed8a,1000,334d1000
Memory_Section_User_TLB_DDR_3_3_35,User_TLB_DDR_3_3,52996,100,52853500
Memory_Section_User_TLB_DDR_1_3_37,User_TLB_DDR_1_3,a9a7d3,40,6a50b00
Memory_Section_User_TLB_DDR_1_5_10,User_TLB_DDR_1_5,b280a6,40,378c4600
Memory_Section_User_TLB_DDR_2_2_35,User_TLB_DDR_2_2,28b2a8,40,4a3625c0
Memory_Section_User_TLB_DDR_5_3_15,User_TLB_DDR_5_3,2573,4,550730b8
Memory_Section_User_TLB_DDR_1_2_0,User_TLB_DDR_1_2,2ac7e,400,18134000
Memory_Section_User_TLB_DDR_1_3_2,User_TLB_DDR_1_3,8dd29c,4,e10db44
Memory_Section_User_TLB_DDR_5_3_2,User_TLB_DDR_5_3,1e2c,400,5504e400
Memory_Section_User_TLB_DDR_3_0_24,User_TLB_DDR_3_0,14bd1,100,5367d400
Memory_Section_User_TLB_DDR_4_4_15,User_TLB_DDR_4_4,156c9,10,54e7f5e0
Memory_Section_User_TLB_DDR_6_2_41,User_TLB_DDR_6_2,55,100,55130e00
Memory_Section_User_TLB_DDR_4_7_29,User_TLB_DDR_4_7,18056,40,54aa16c0
Memory_Section_User_TLB_DDR_1_3_3,User_TLB_DDR_1_3,15fce7,40,93f3a40
Memory_Section_User_TLB_DDR_3_0_18,User_TLB_DDR_3_0,bc18e,400,5323b000
Memory_Section_User_TLB_DDR_3_3_38,User_TLB_DDR_3_3,8d88,40,52b2ed00
Memory_Section_User_TLB_DDR_1_3_35,User_TLB_DDR_1_3,45eb0e,1000,362a000
Memory_Section_User_TLB_DDR_6_3_33,User_TLB_DDR_6_3,90a,10,5511b9b0
Memory_Section_User_TLB_DDR_3_1_22,User_TLB_DDR_3_1,76ca0,400,515dbc00
Memory_Section_User_TLB_DDR_1_1_20,User_TLB_DDR_1_1,6c50d6,1000,210b6000
Memory_Section_User_TLB_DDR_3_0_29,User_TLB_DDR_3_0,8ea5d,40,537c8380
Memory_Section_User_TLB_DDR_5_5_18,User_TLB_DDR_5_5,2fe8,1000,5500c000
Memory_Section_User_TLB_DDR_3_3_21,User_TLB_DDR_3_3,b0612,10,52be9760
Memory_Section_User_TLB_DDR_6_4_7,User_TLB_DDR_6_4,95e,400,55129800
Memory_Section_User_TLB_DDR_6_0_19,User_TLB_DDR_6_0,b0,40,55101f00
Memory_Section_User_TLB_DDR_1_1_10,User_TLB_DDR_1_1,67ebcf,10,2b179e80
Memory_Section_User_TLB_DDR_3_4_34,User_TLB_DDR_3_4,7a9ed,4,50f299e8
Memory_Section_User_TLB_DDR_4_3_21,User_TLB_DDR_4_3,16c04,40,5423a380
Memory_Section_User_TLB_DDR_4_5_12,User_TLB_DDR_4_5,c359,100,545d7600
Memory_Section_User_TLB_DDR_6_4_1,User_TLB_DDR_6_4,655,1000,55125000
Memory_Section_User_TLB_DDR_1_2_35,User_TLB_DDR_1_2,985f46,400,1618d000
Memory_Section_User_TLB_DDR_5_4_5,User_TLB_DDR_5_4,2908,40,550ac780
Memory_Section_User_TLB_DDR_1_5_26,User_TLB_DDR_1_5,6dcbd8,4,3e8e5340
Memory_Section_User_TLB_DDR_5_1_30,User_TLB_DDR_5_1,120a,10,550f4aa0
Memory_Section_User_TLB_DDR_4_5_9,User_TLB_DDR_4_5,1a402,100,545a7300
Memory_Section_User_TLB_DDR_6_4_0,User_TLB_DDR_6_4,57a,10,5512da50
Memory_Section_User_TLB_DDR_1_2_20,User_TLB_DDR_1_2,157f1a,10,1cb94710
Memory_Section_User_TLB_DDR_5_3_5,User_TLB_DDR_5_3,15ca,100,55056800
Memory_Section_User_TLB_DDR_1_3_21,User_TLB_DDR_1_3,77fb85,400,4650400
Memory_Section_User_TLB_DDR_6_2_4,User_TLB_DDR_6_2,c6,400,55132c00
Memory_Section_User_TLB_DDR_2_2_4,User_TLB_DDR_2_2,30ec57,10,4ac55120
Memory_Section_User_TLB_DDR_4_3_34,User_TLB_DDR_4_3,fae0,40,542667c0
Memory_Section_User_TLB_DDR_5_3_0,User_TLB_DDR_5_3,2e56,4,55070260
Memory_Section_User_TLB_DDR_3_4_20,User_TLB_DDR_3_4,9ee95,4,50e0c8f8
Memory_Section_User_TLB_DDR_2_3_23,User_TLB_DDR_2_3,b0d56,400,4153e000
Memory_Section_User_TLB_DDR_1_3_7,User_TLB_DDR_1_3,a52c9e,1000,a83000
Memory_Section_User_TLB_DDR_6_4_31,User_TLB_DDR_6_4,e1,1000,55127000
Memory_Section_User_TLB_DDR_3_1_11,User_TLB_DDR_3_1,661e4,40,51bf0e40
Memory_Section_User_TLB_DDR_6_0_11,User_TLB_DDR_6_0,c8e,40,5510aa80
Memory_Section_User_TLB_DDR_4_7_27,User_TLB_DDR_4_7,26eb7,40,54a29b00
Memory_Section_User_TLB_DDR_5_4_18,User_TLB_DDR_5_4,1c08,100,550a7800
Memory_Section_User_TLB_DDR_3_0_28,User_TLB_DDR_3_0,b2197,4,53cc3250
Memory_Section_User_TLB_DDR_5_3_18,User_TLB_DDR_5_3,1288,40,5505fdc0
Memory_Section_User_TLB_DDR_2_1_14,User_TLB_DDR_2_1,1cd6b9,40,47061f00
Memory_Section_User_TLB_DDR_2_2_19,User_TLB_DDR_2_2,2c59c6,1000,485e3000
Memory_Section_User_TLB_DDR_6_3_13,User_TLB_DDR_6_3,121,100,55113600
Memory_Section_User_TLB_DDR_1_1_11,User_TLB_DDR_1_1,193cdd,100,261d8800
Memory_Section_User_TLB_DDR_4_4_21,User_TLB_DDR_4_4,263e2,100,54d31000
Memory_Section_User_TLB_DDR_1_3_8,User_TLB_DDR_1_3,5fe77a,1000,302b000
Memory_Section_User_TLB_DDR_3_4_33,User_TLB_DDR_3_4,260ec,100,505e2200
Memory_Section_User_TLB_DDR_4_3_0,User_TLB_DDR_4_3,218cd,40,541ff700
Memory_Section_User_TLB_DDR_1_3_14,User_TLB_DDR_1_3,2999c1,4,fbfd544
Memory_Section_User_TLB_DDR_3_3_7,User_TLB_DDR_3_3,6d7ae,100,526c0500
Memory_Section_User_TLB_DDR_5_3_11,User_TLB_DDR_5_3,2260,100,55052a00
Memory_Section_User_TLB_DDR_3_0_19,User_TLB_DDR_3_0,85f35,100,53522000
Memory_Section_User_TLB_DDR_3_3_17,User_TLB_DDR_3_3,6de69,1000,52179000
Memory_Section_User_TLB_DDR_2_1_33,User_TLB_DDR_2_1,256791,100,45f19700
Memory_Section_User_TLB_DDR_5_5_23,User_TLB_DDR_5_5,1aa0,4,5503d32c
Memory_Section_User_TLB_DDR_2_4_33,User_TLB_DDR_2_4,2ba1ac,100,4dc23400
Memory_Section_User_TLB_DDR_2_2_5,User_TLB_DDR_2_2,1aff8f,100,49efe600
Memory_Section_User_TLB_DDR_2_2_17,User_TLB_DDR_2_2,12caa0,1000,48b27000
Memory_Section_User_TLB_DDR_6_3_11,User_TLB_DDR_6_3,5e2,10,5511d260
Memory_Section_User_TLB_DDR_2_1_13,User_TLB_DDR_2_1,f81d7,100,4638dc00
Memory_Section_User_TLB_DDR_1_1_23,User_TLB_DDR_1_1,332e2e,100,25bbd800
Memory_Section_User_TLB_DDR_1_1_13,User_TLB_DDR_1_1,a4ca1f,4,2dbd4f74
Memory_Section_User_TLB_DDR_2_2_2,User_TLB_DDR_2_2,2b22a2,10,4af63d80
Memory_Section_User_TLB_DDR_6_4_26,User_TLB_DDR_6_4,462,1000,55126000
Memory_Section_User_TLB_DDR_4_7_38,User_TLB_DDR_4_7,24f65,4,54bcab44
Memory_Section_User_TLB_DDR_3_3_0,User_TLB_DDR_3_3,48140,4,52fecbe0
Memory_Section_User_TLB_DDR_3_4_6,User_TLB_DDR_3_4,7e338,100,504e4b00
Memory_Section_User_TLB_DDR_4_3_1,User_TLB_DDR_4_3,3123a,40,5419db40
Memory_Section_User_TLB_DDR_3_0_6,User_TLB_DDR_3_0,8ea92,40,537398c0
Memory_Section_User_TLB_DDR_4_4_37,User_TLB_DDR_4_4,27fda,4,54f3ec64
Memory_Section_User_TLB_DDR_2_3_36,User_TLB_DDR_2_3,18c8f1,4,43b079f4
Memory_Section_User_TLB_DDR_4_4_8,User_TLB_DDR_4_4,d960,10,54ea2e20
Memory_Section_User_TLB_DDR_3_0_10,User_TLB_DDR_3_0,aa5e3,4,53d753e8
Memory_Section_User_TLB_DDR_2_2_41,User_TLB_DDR_2_2,8240a,4,4bf9bbb0
Memory_Section_User_TLB_DDR_5_4_36,User_TLB_DDR_5_4,30d3,100,5509cb00
Memory_Section_User_TLB_DDR_5_4_19,User_TLB_DDR_5_4,20fd,100,550a5700
Memory_Section_User_TLB_DDR_6_3_20,User_TLB_DDR_6_3,6df,400,55113800
Memory_Section_User_TLB_DDR_3_3_11,User_TLB_DDR_3_3,347cd,10,52c99d80
Memory_Section_User_TLB_DDR_5_5_32,User_TLB_DDR_5_5,743,100,55015600
Memory_Section_User_TLB_DDR_3_4_1,User_TLB_DDR_3_4,b12da,4,50cae584
Memory_Section_User_TLB_DDR_4_7_13,User_TLB_DDR_4_7,18b2d,400,5488dc00
Memory_Section_User_TLB_DDR_3_3_22,User_TLB_DDR_3_3,cb72e,40,528c5940
Memory_Section_User_TLB_DDR_5_3_23,User_TLB_DDR_5_3,32e,400,55043400
Memory_Section_User_TLB_DDR_5_1_11,User_TLB_DDR_5_1,2a21,4,550f8794
Memory_Section_User_TLB_DDR_1_5_12,User_TLB_DDR_1_5,ae28fe,1000,30c21000
Memory_Section_User_TLB_DDR_4_3_25,User_TLB_DDR_4_3,1937b,40,54221000
Memory_Section_User_TLB_DDR_1_3_29,User_TLB_DDR_1_3,231dc6,10,caf92e0
Memory_Section_User_TLB_DDR_1_2_32,User_TLB_DDR_1_2,3288f8,400,17ceac00
Memory_Section_User_TLB_DDR_2_3_21,User_TLB_DDR_2_3,46ff9,1000,40ad7000
Memory_Section_User_TLB_DDR_4_3_9,User_TLB_DDR_4_3,26f82,4,543b18a4
Memory_Section_User_TLB_DDR_4_3_16,User_TLB_DDR_4_3,2f5af,10,542abb90
Memory_Section_User_TLB_DDR_4_7_5,User_TLB_DDR_4_7,b6ff,10,54b88430
Memory_Section_User_TLB_DDR_1_3_13,User_TLB_DDR_1_3,6c7e25,40,74eb300
Memory_Section_User_TLB_DDR_5_1_16,User_TLB_DDR_5_1,99f,40,550c5600
Memory_Section_User_TLB_DDR_2_3_9,User_TLB_DDR_2_3,1f1984,40,429c7d00
Memory_Section_User_TLB_DDR_3_0_11,User_TLB_DDR_3_0,6df40,100,535a8000
Memory_Section_User_TLB_DDR_3_0_1,User_TLB_DDR_3_0,1bc65,10,53bec520
Memory_Section_User_TLB_DDR_2_3_0,User_TLB_DDR_2_3,197fa0,10,43270b40
Memory_Section_User_TLB_DDR_6_0_34,User_TLB_DDR_6_0,4dc,100,5510a200
Memory_Section_User_TLB_DDR_1_2_1,User_TLB_DDR_1_2,c6898b,1000,10000000
Memory_Section_User_TLB_DDR_3_0_20,User_TLB_DDR_3_0,bcfe3,10,5392b870
Memory_Section_User_TLB_DDR_1_5_34,User_TLB_DDR_1_5,8cc727,4,3d7c4e80
Memory_Section_User_TLB_DDR_2_4_6,User_TLB_DDR_2_4,30eb7c,100,4d914800
Memory_Section_User_TLB_DDR_6_2_21,User_TLB_DDR_6_2,604,40,5513b600
Memory_Section_User_TLB_DDR_2_2_26,User_TLB_DDR_2_2,9f693,40,4abb5a80
Memory_Section_User_TLB_DDR_5_4_12,User_TLB_DDR_5_4,1c22,4,550bfd28
Memory_Section_User_TLB_DDR_6_0_7,User_TLB_DDR_6_0,9c2,1000,55100000
Memory_Section_User_TLB_DDR_4_5_0,User_TLB_DDR_4_5,1688e,10,54781e60
Memory_Section_User_TLB_DDR_4_4_39,User_TLB_DDR_4_4,226e1,100,54d57400
Memory_Section_User_TLB_DDR_3_0_0,User_TLB_DDR_3_0,71c34,10,53b1aa20
Memory_Section_User_TLB_DDR_2_1_15,User_TLB_DDR_2_1,21dc17,100,4616ff00
Memory_Section_User_TLB_DDR_3_3_14,User_TLB_DDR_3_3,5106e,400,52494400
Memory_Section_User_TLB_DDR_1_1_4,User_TLB_DDR_1_1,64f82a,400,22e54400
Memory_Section_User_TLB_DDR_1_5_19,User_TLB_DDR_1_5,50320b,4,3fb4df6c
Memory_Section_User_TLB_DDR_1_5_4,User_TLB_DDR_1_5,59b89d,400,346e6000
Memory_Section_User_TLB_DDR_4_5_28,User_TLB_DDR_4_5,2542d,40,546513c0
Memory_Section_User_TLB_DDR_4_7_39,User_TLB_DDR_4_7,30ea3,100,548c7500
Memory_Section_User_TLB_DDR_1_2_14,User_TLB_DDR_1_2,55778d,1000,13e3b000
Memory_Section_User_TLB_DDR_5_4_10,User_TLB_DDR_5_4,1410,400,55099000
Memory_Section_User_TLB_DDR_1_1_18,User_TLB_DDR_1_1,865579,4,2efc09c4
Memory_Section_User_TLB_DDR_5_1_33,User_TLB_DDR_5_1,140a,4,550ff600
Memory_Section_User_TLB_DDR_4_5_5,User_TLB_DDR_4_5,29822,4,547f6248
Memory_Section_User_TLB_DDR_6_3_21,User_TLB_DDR_6_3,412,10,5511e130
Memory_Section_User_TLB_DDR_4_5_29,User_TLB_DDR_4_5,32133,400,5448c800
Memory_Section_User_TLB_DDR_4_5_23,User_TLB_DDR_4_5,30392,40,54621000
Memory_Section_User_TLB_DDR_2_1_11,User_TLB_DDR_2_1,2d3142,100,459e8a00
Memory_Section_User_TLB_DDR_2_3_18,User_TLB_DDR_2_3,f7bf0,100,4247b400
Memory_Section_User_TLB_DDR_4_3_15,User_TLB_DDR_4_3,23bc8,1000,54000000
Memory_Section_User_TLB_DDR_5_4_34,User_TLB_DDR_5_4,ef,1000,5508d000
Memory_Section_User_TLB_DDR_3_0_35,User_TLB_DDR_3_0,6260c,4,53f436cc
Memory_Section_User_TLB_DDR_1_1_24,User_TLB_DDR_1_1,92d7e3,1000,20000000
Memory_Section_User_TLB_DDR_3_1_20,User_TLB_DDR_3_1,4835e,100,518f6000
Memory_Section_User_TLB_DDR_2_4_13,User_TLB_DDR_2_4,6191e,10,4f3bb7a0
Memory_Section_User_TLB_DDR_4_4_16,User_TLB_DDR_4_4,12c61,100,54d97e00
Memory_Section_User_TLB_DDR_6_4_17,User_TLB_DDR_6_4,6a4,100,55122900
Memory_Section_User_TLB_DDR_5_4_2,User_TLB_DDR_5_4,3279,1000,55080000
Memory_Section_User_TLB_DDR_3_0_8,User_TLB_DDR_3_0,bb0c7,4,53c08188
Memory_Section_User_TLB_DDR_1_1_8,User_TLB_DDR_1_1,9fc390,10,299ffdc0
Memory_Section_User_TLB_DDR_6_3_30,User_TLB_DDR_6_3,b85,40,55118b40
Memory_Section_User_TLB_DDR_5_3_26,User_TLB_DDR_5_3,209b,4,55079e04
Memory_Section_User_TLB_DDR_2_4_12,User_TLB_DDR_2_4,143388,1000,4c40f000
Memory_Section_User_TLB_DDR_3_1_17,User_TLB_DDR_3_1,13d8d,1000,511b4000
Memory_Section_User_TLB_DDR_3_4_15,User_TLB_DDR_3_4,9db8,400,503a5c00
Memory_Section_User_TLB_DDR_1_3_30,User_TLB_DDR_1_3,697f73,400,4dd0000
Memory_Section_User_TLB_DDR_4_4_33,User_TLB_DDR_4_4,bc5d,400,54cec800
Memory_Section_User_TLB_DDR_2_3_3,User_TLB_DDR_2_3,1e2793,100,420fda00
Memory_Section_User_TLB_DDR_4_7_37,User_TLB_DDR_4_7,10415,400,548b7000
Memory_Section_User_TLB_DDR_5_5_14,User_TLB_DDR_5_5,1997,10,55030a70
Memory_Section_User_TLB_DDR_1_5_15,User_TLB_DDR_1_5,229ec9,40,39bc9cc0
Memory_Section_User_TLB_DDR_3_4_37,User_TLB_DDR_3_4,739e6,10,50b11070
Memory_Section_User_TLB_DDR_5_4_33,User_TLB_DDR_5_4,2578,4,550b9220
Memory_Section_User_TLB_DDR_3_1_4,User_TLB_DDR_3_1,351e3,10,51f115d0
Memory_Section_User_TLB_DDR_6_2_31,User_TLB_DDR_6_2,5ed,400,55136000
Memory_Section_User_TLB_DDR_3_1_7,User_TLB_DDR_3_1,b4732,400,5133a400
Memory_Section_User_TLB_DDR_2_1_10,User_TLB_DDR_2_1,16ce9b,10,47933660
Memory_Section_User_TLB_DDR_1_1_32,User_TLB_DDR_1_1,27117d,4,2fdaa268
Memory_Section_User_TLB_DDR_1_5_32,User_TLB_DDR_1_5,579cde,40,38e74280
Memory_Section_User_TLB_DDR_2_4_19,User_TLB_DDR_2_4,179d51,1000,4c295000
Memory_Section_User_TLB_DDR_6_0_4,User_TLB_DDR_6_0,484,40,5510c040
Memory_Section_User_TLB_DDR_5_5_30,User_TLB_DDR_5_5,2e96,4,550382d0
Memory_Section_User_TLB_DDR_5_5_2,User_TLB_DDR_5_5,32ae,40,55026380
Memory_Section_User_TLB_DDR_1_3_19,User_TLB_DDR_1_3,9c65e4,4,d747560
Memory_Section_User_TLB_DDR_6_4_22,User_TLB_DDR_6_4,a7c,1000,55120000
Memory_Section_User_TLB_DDR_6_3_22,User_TLB_DDR_6_3,5d4,400,55116800
Memory_Section_User_TLB_DDR_1_2_11,User_TLB_DDR_1_2,851d07,4,1e1f6588
Memory_Section_User_TLB_DDR_4_7_28,User_TLB_DDR_4_7,324f4,4,54b98650
Memory_Section_User_TLB_DDR_2_3_33,User_TLB_DDR_2_3,17184a,400,41281800
Memory_Section_User_TLB_DDR_4_3_36,User_TLB_DDR_4_3,117c4,10,543a00e0
Memory_Section_User_TLB_DDR_2_4_8,User_TLB_DDR_2_4,2a5913,10,4f0003a0
Memory_Section_User_TLB_DDR_5_3_34,User_TLB_DDR_5_3,3066,4,5506d1f8
Memory_Section_User_TLB_DDR_3_3_30,User_TLB_DDR_3_3,754c2,4,52f1f8d4
Memory_Section_User_TLB_DDR_3_1_27,User_TLB_DDR_3_1,cc0dc,100,516cab00
Memory_Section_User_TLB_DDR_4_7_30,User_TLB_DDR_4_7,2b5b0,10,54b18a80
Memory_Section_User_TLB_DDR_1_1_9,User_TLB_DDR_1_1,584328,4,2f825f40
Memory_Section_User_TLB_DDR_6_4_33,User_TLB_DDR_6_4,502,100,55121a00
Memory_Section_User_TLB_DDR_6_2_20,User_TLB_DDR_6_2,3e8,4,5513f940
Memory_Section_User_TLB_DDR_3_1_5,User_TLB_DDR_3_1,880ad,400,51553800
Memory_Section_User_TLB_DDR_6_2_7,User_TLB_DDR_6_2,2bd,40,55131d00
Memory_Section_User_TLB_DDR_3_1_0,User_TLB_DDR_3_1,8570b,10,51e18840
Memory_Section_User_TLB_DDR_6_3_0,User_TLB_DDR_6_3,4b7,10,5511d850
Memory_Section_User_TLB_DDR_2_3_25,User_TLB_DDR_2_3,2cfede,400,40b1e000
Memory_Section_User_TLB_DDR_6_0_6,User_TLB_DDR_6_0,1f8,400,55100c00
Memory_Section_User_TLB_DDR_3_1_28,User_TLB_DDR_3_1,c6edf,1000,51000000
Memory_Section_User_TLB_DDR_4_4_4,User_TLB_DDR_4_4,1e20f,100,54d79b00
Memory_Section_User_TLB_DDR_3_1_10,User_TLB_DDR_3_1,884fe,10,51d90340
Memory_Section_User_TLB_DDR_1_1_7,User_TLB_DDR_1_1,1d0d7b,1000,21fab000
Memory_Section_User_TLB_DDR_5_1_26,User_TLB_DDR_5_1,2993,400,550cd800
Memory_Section_User_TLB_DDR_5_5_6,User_TLB_DDR_5_5,e21,10,55033af0
Memory_Section_User_TLB_DDR_6_0_32,User_TLB_DDR_6_0,6f9,4,5510f398
Memory_Section_User_TLB_DDR_5_4_31,User_TLB_DDR_5_4,1c5d,400,55092400
Memory_Section_User_TLB_DDR_4_7_16,User_TLB_DDR_4_7,1fdac,10,54b68680
Memory_Section_User_TLB_DDR_6_0_36,User_TLB_DDR_6_0,85c,4,5510eb3c
Memory_Section_User_TLB_DDR_2_2_40,User_TLB_DDR_2_2,58ceb,400,496d0c00
Memory_Section_User_TLB_DDR_6_2_2,User_TLB_DDR_6_2,185,40,55132d00
Memory_Section_User_TLB_DDR_5_3_25,User_TLB_DDR_5_3,2109,400,5504c000
Memory_Section_User_TLB_DDR_4_7_14,User_TLB_DDR_4_7,1401f,40,54acd9c0
Memory_Section_User_TLB_DDR_4_4_41,User_TLB_DDR_4_4,12eb6,1000,54c4d000
Memory_Section_User_TLB_DDR_6_3_7,User_TLB_DDR_6_3,a9e,4,5511f060
Memory_Section_User_TLB_DDR_5_3_7,User_TLB_DDR_5_3,2cbb,10,55063ff0
Memory_Section_User_TLB_DDR_2_3_22,User_TLB_DDR_2_3,b0c28,100,42631700
Memory_Section_User_TLB_DDR_1_5_7,User_TLB_DDR_1_5,c04be6,100,3539e900
Memory_Section_User_TLB_DDR_4_5_16,User_TLB_DDR_4_5,15d43,100,545c1800
Memory_Section_User_TLB_DDR_1_1_34,User_TLB_DDR_1_1,b86798,10,28e79620
Memory_Section_User_TLB_DDR_6_0_23,User_TLB_DDR_6_0,cb8,4,5510de84
Memory_Section_User_TLB_DDR_5_1_14,User_TLB_DDR_5_1,237c,1000,550c3000
Memory_Section_User_TLB_DDR_1_2_7,User_TLB_DDR_1_2,bc3e07,400,14c1b800
Memory_Section_User_TLB_DDR_4_7_12,User_TLB_DDR_4_7,30f7d,40,54977180
Memory_Section_User_TLB_DDR_1_3_11,User_TLB_DDR_1_3,42eefb,100,595dc00
Memory_Section_User_TLB_DDR_1_3_12,User_TLB_DDR_1_3,997fb3,10,b569010
Memory_Section_User_TLB_DDR_3_1_19,User_TLB_DDR_3_1,57d05,40,51c57040
Memory_Section_User_TLB_DDR_4_5_19,User_TLB_DDR_4_5,21673,10,547607e0
Memory_Section_User_TLB_DDR_3_1_13,User_TLB_DDR_3_1,9fc9a,40,51a308c0
Memory_Section_User_TLB_DDR_1_1_30,User_TLB_DDR_1_1,77698,400,23f5b800
Memory_Section_User_TLB_DDR_4_7_40,User_TLB_DDR_4_7,33113,40,54944040
Memory_Section_User_TLB_DDR_4_5_7,User_TLB_DDR_4_5,2a644,10,5470f160
Memory_Section_User_TLB_DDR_3_1_8,User_TLB_DDR_3_1,a2bbd,100,51853400
Memory_Section_User_TLB_DDR_6_3_5,User_TLB_DDR_6_3,542,1000,55113000
Memory_Section_User_TLB_DDR_6_0_18,User_TLB_DDR_6_0,c6,10,55103610
Memory_Section_User_TLB_DDR_5_4_13,User_TLB_DDR_5_4,27c5,400,5508d400
Memory_Section_User_TLB_DDR_5_3_28,User_TLB_DDR_5_3,29c0,400,55049400
Memory_Section_User_TLB_DDR_5_3_8,User_TLB_DDR_5_3,108a,4,5507e8f4
Memory_Section_User_TLB_DDR_6_2_1,User_TLB_DDR_6_2,509,400,55137000
Memory_Section_User_TLB_DDR_6_3_8,User_TLB_DDR_6_3,c1b,100,55117f00
Memory_Section_User_TLB_DDR_6_4_10,User_TLB_DDR_6_4,7de,4,5512f464
Memory_Section_User_TLB_DDR_6_4_12,User_TLB_DDR_6_4,26c,40,55120c80
Memory_Section_User_TLB_DDR_5_3_16,User_TLB_DDR_5_3,275d,10,55066cb0
Memory_Section_User_TLB_DDR_1_3_36,User_TLB_DDR_1_3,816fef,4,e9eade0
Memory_Section_User_TLB_DDR_5_4_16,User_TLB_DDR_5_4,1238,1000,55089000
Memory_Section_User_TLB_DDR_3_3_33,User_TLB_DDR_3_3,bc880,4,52dc4160
Memory_Section_User_TLB_DDR_2_1_23,User_TLB_DDR_2_1,47ece,10,47b25730
Memory_Section_User_TLB_DDR_1_1_21,User_TLB_DDR_1_1,b2f5be,4,2d0a59b4
Memory_Section_User_TLB_DDR_2_3_2,User_TLB_DDR_2_3,1ee197,100,41f0f800
Memory_Section_User_TLB_DDR_5_5_20,User_TLB_DDR_5_5,30ff,1000,55004000
Memory_Section_User_TLB_DDR_6_2_17,User_TLB_DDR_6_2,f3,400,55131c00
Memory_Section_User_TLB_DDR_3_0_39,User_TLB_DDR_3_0,625b2,1000,5316c000
Memory_Section_User_TLB_DDR_6_2_33,User_TLB_DDR_6_2,790,100,55139300
Memory_Section_User_TLB_DDR_5_5_38,User_TLB_DDR_5_5,c40,4,5503edcc
Memory_Section_User_TLB_DDR_3_3_1,User_TLB_DDR_3_3,9eef4,4,52e809e0
Memory_Section_User_TLB_DDR_2_2_11,User_TLB_DDR_2_2,27d098,1000,488a9000
Memory_Section_User_TLB_DDR_1_5_3,User_TLB_DDR_1_5,985bf2,4,3ce3f28c
Memory_Section_User_TLB_DDR_4_4_27,User_TLB_DDR_4_4,28363,4,54f16900
Memory_Section_User_TLB_DDR_6_0_28,User_TLB_DDR_6_0,7dd,100,55108a00
Memory_Section_User_TLB_DDR_1_1_2,User_TLB_DDR_1_1,4e9b68,10,2be0e890
Memory_Section_User_TLB_DDR_6_4_3,User_TLB_DDR_6_4,191,40,55126480
Memory_Section_User_TLB_DDR_5_5_27,User_TLB_DDR_5_5,e2e,400,55022400
Memory_Section_User_TLB_DDR_4_3_37,User_TLB_DDR_4_3,300ca,10,5427bac0
Memory_Section_User_TLB_DDR_5_5_39,User_TLB_DDR_5_5,b26,4,5503fa0c
Memory_Section_User_TLB_DDR_1_1_19,User_TLB_DDR_1_1,b957dc,100,23fd2f00
Memory_Section_User_TLB_DDR_4_3_5,User_TLB_DDR_4_3,57f9,40,542762c0
Memory_Section_User_TLB_DDR_5_1_29,User_TLB_DDR_5_1,2c23,1000,550c0000
Memory_Section_User_TLB_DDR_1_3_26,User_TLB_DDR_1_3,2cd88d,10,c82ba50
Memory_Section_User_TLB_DDR_1_3_5,User_TLB_DDR_1_3,bc749f,400,3a88c00
Memory_Section_User_TLB_DDR_3_3_16,User_TLB_DDR_3_3,1b70d,40,52b02e40
Memory_Section_User_TLB_DDR_6_4_30,User_TLB_DDR_6_4,56,400,55120c00
Memory_Section_User_TLB_DDR_3_0_23,User_TLB_DDR_3_0,8ccb1,400,532f7400
Memory_Section_User_TLB_DDR_2_2_14,User_TLB_DDR_2_2,25b16a,100,49a48d00
Memory_Section_User_TLB_DDR_6_3_25,User_TLB_DDR_6_3,252,1000,55114000
Memory_Section_User_TLB_DDR_4_5_13,User_TLB_DDR_4_5,28918,100,54561000
Memory_Section_User_TLB_DDR_5_1_19,User_TLB_DDR_5_1,1aba,40,550e6e40
Memory_Section_User_TLB_DDR_1_2_21,User_TLB_DDR_1_2,ce4eb,10,1ccec630
Memory_Section_User_TLB_DDR_3_3_23,User_TLB_DDR_3_3,539ee,400,52440800
Memory_Section_User_TLB_DDR_4_7_36,User_TLB_DDR_4_7,12101,1000,54800000
Memory_Section_User_TLB_DDR_4_5_1,User_TLB_DDR_4_5,1fabf,1000,5444e000
Memory_Section_User_TLB_DDR_6_0_10,User_TLB_DDR_6_0,6c4,400,55101800
Memory_Section_User_TLB_DDR_1_1_35,User_TLB_DDR_1_1,242624,400,23acd400
Memory_Section_User_TLB_DDR_5_4_21,User_TLB_DDR_5_4,21e0,40,550af0c0
Memory_Section_User_TLB_DDR_6_3_26,User_TLB_DDR_6_3,a5c,4,5511fb00
Memory_Section_User_TLB_DDR_4_5_25,User_TLB_DDR_4_5,30bc8,4,547986f0
Memory_Section_User_TLB_DDR_5_3_37,User_TLB_DDR_5_3,1392,4,5507d560
Memory_Section_User_TLB_DDR_6_0_29,User_TLB_DDR_6_0,8f1,400,55105000
Memory_Section_User_TLB_DDR_5_5_12,User_TLB_DDR_5_5,de,400,55003800
Memory_Section_User_TLB_DDR_6_3_31,User_TLB_DDR_6_3,b1a,4,5511e544
Memory_Section_User_TLB_DDR_1_1_33,User_TLB_DDR_1_1,c1dffd,400,22236400
Memory_Section_User_TLB_DDR_6_4_5,User_TLB_DDR_6_4,682,100,55123900
Memory_Section_User_TLB_DDR_1_5_21,User_TLB_DDR_1_5,a47c75,400,33510000
Memory_Section_User_TLB_DDR_4_4_30,User_TLB_DDR_4_4,e16c,10,54e94cb0
Memory_Section_User_TLB_DDR_5_1_5,User_TLB_DDR_5_1,1c6f,10,550f2e30
Memory_Section_User_TLB_DDR_4_3_30,User_TLB_DDR_4_3,efc6,100,5417ff00
Memory_Section_User_TLB_DDR_4_7_26,User_TLB_DDR_4_7,2c66f,10,54aec410
Memory_Section_User_TLB_DDR_3_3_6,User_TLB_DDR_3_3,1075d,40,52b1e580
Memory_Section_User_TLB_DDR_4_3_28,User_TLB_DDR_4_3,553e,1000,54048000
Memory_Section_User_TLB_DDR_2_2_42,User_TLB_DDR_2_2,267c08,40,4a5ed880
Memory_Section_User_TLB_DDR_4_5_26,User_TLB_DDR_4_5,31f5d,40,545ef080
Memory_Section_User_TLB_DDR_2_3_8,User_TLB_DDR_2_3,188891,1000,407f5000
Memory_Section_User_TLB_DDR_2_1_32,User_TLB_DDR_2_1,2890fd,40,46dd8e00
Memory_Section_User_TLB_DDR_2_2_8,User_TLB_DDR_2_2,2f5227,1000,48000000
Memory_Section_User_TLB_DDR_1_1_40,User_TLB_DDR_1_1,615e3f,10,2b7f8a50
Memory_Section_User_TLB_DDR_4_3_11,User_TLB_DDR_4_3,1dd42,400,5407d400
Memory_Section_User_TLB_DDR_4_5_6,User_TLB_DDR_4_5,32c9d,10,546ab750
Memory_Section_User_TLB_DDR_5_1_27,User_TLB_DDR_5_1,224b,40,550e09c0
Memory_Section_User_TLB_DDR_5_1_31,User_TLB_DDR_5_1,3171,10,550ed500
Memory_Section_User_TLB_DDR_5_5_5,User_TLB_DDR_5_5,2b20,400,55018800
Memory_Section_User_TLB_DDR_6_0_15,User_TLB_DDR_6_0,b55,400,55103800
Memory_Section_User_TLB_DDR_5_4_25,User_TLB_DDR_5_4,2f65,100,5509fc00
Memory_Section_User_TLB_DDR_4_4_6,User_TLB_DDR_4_4,7cc9,100,54dbcf00
Memory_Section_User_TLB_DDR_4_3_27,User_TLB_DDR_4_3,16e30,400,540b6800
Memory_Section_User_TLB_DDR_3_3_19,User_TLB_DDR_3_3,65368,100,5272dd00
Memory_Section_User_TLB_DDR_5_4_32,User_TLB_DDR_5_4,eb5,400,5509bc00
Memory_Section_User_TLB_DDR_3_0_27,User_TLB_DDR_3_0,9e5af,1000,530cd000
Memory_Section_User_TLB_DDR_2_1_34,User_TLB_DDR_2_1,197587,400,452ed800
Memory_Section_User_TLB_DDR_3_3_12,User_TLB_DDR_3_3,7005e,100,52650400
Memory_Section_User_TLB_DDR_1_3_33,User_TLB_DDR_1_3,b78dc8,40,5ed7d00
Memory_Section_User_TLB_DDR_6_2_34,User_TLB_DDR_6_2,1f,40,55130c80
Memory_Section_User_TLB_DDR_3_0_33,User_TLB_DDR_3_0,120ab,40,539197c0
Memory_Section_User_TLB_DDR_5_3_29,User_TLB_DDR_5_3,2fef,400,55046400
Memory_Section_User_TLB_DDR_1_3_17,User_TLB_DDR_1_3,92aa77,10,bf00fd0
Memory_Section_User_TLB_DDR_5_5_16,User_TLB_DDR_5_5,917,100,5500b100
Memory_Section_User_TLB_DDR_3_0_2,User_TLB_DDR_3_0,50aea,100,53616000
Memory_Section_User_TLB_DDR_4_4_38,User_TLB_DDR_4_4,220ef,400,54cb2400
Memory_Section_User_TLB_DDR_4_3_22,User_TLB_DDR_4_3,a039,100,5418ef00
Memory_Section_User_TLB_DDR_6_3_19,User_TLB_DDR_6_3,201,40,551158c0
Memory_Section_User_TLB_DDR_3_4_2,User_TLB_DDR_3_4,18a4f,100,50608300
Memory_Section_User_TLB_DDR_5_3_27,User_TLB_DDR_5_3,16c0,4,5507bea0
Memory_Section_User_TLB_DDR_1_1_31,User_TLB_DDR_1_1,8495bf,100,24b68700
Memory_Section_User_TLB_DDR_5_1_2,User_TLB_DDR_5_1,1178,40,550ec380
Memory_Section_User_TLB_DDR_5_5_29,User_TLB_DDR_5_5,a20,10,55034920
Memory_Section_User_TLB_DDR_3_1_3,User_TLB_DDR_3_1,b8e06,1000,510c7000
Memory_Section_User_TLB_DDR_4_7_2,User_TLB_DDR_4_7,106da,400,548a6800
Memory_Section_User_TLB_DDR_1_5_23,User_TLB_DDR_1_5,c09baf,10,3aa4ea40
Memory_Section_User_TLB_DDR_2_1_31,User_TLB_DDR_2_1,2d3ec3,40,465d4a00
Memory_Section_User_TLB_DDR_4_4_0,User_TLB_DDR_4_4,14962,4,54ff0758
Memory_Section_User_TLB_DDR_1_1_3,User_TLB_DDR_1_1,2e80b9,100,25ef0700
Memory_Section_User_TLB_DDR_6_2_11,User_TLB_DDR_6_2,b8a,1000,55132000
Memory_Section_User_TLB_DDR_2_4_22,User_TLB_DDR_2_4,126f35,400,4d7ed800
Memory_Section_User_TLB_DDR_1_2_3,User_TLB_DDR_1_2,6eb63e,100,18e17300
Memory_Section_User_TLB_DDR_5_3_10,User_TLB_DDR_5_3,2463,40,55057e00
Memory_Section_User_TLB_DDR_1_2_30,User_TLB_DDR_1_2,9ad5d7,400,157df800
Memory_Section_User_TLB_DDR_4_7_15,User_TLB_DDR_4_7,96ac,40,54ae1a00
Memory_Section_User_TLB_DDR_1_1_12,User_TLB_DDR_1_1,629346,400,234a4000
Memory_Section_User_TLB_DDR_5_1_21,User_TLB_DDR_5_1,156a,400,550d3000
Memory_Section_User_TLB_DDR_1_5_8,User_TLB_DDR_1_5,535ebb,4,3f6180b0
Memory_Section_User_TLB_DDR_2_2_18,User_TLB_DDR_2_2,2da5fe,4,4b6bc134
Memory_Section_User_TLB_DDR_6_2_25,User_TLB_DDR_6_2,54f,40,5513bc40
Memory_Section_User_TLB_DDR_1_1_15,User_TLB_DDR_1_1,14c36d,400,23d0fc00
Memory_Section_User_TLB_DDR_4_3_20,User_TLB_DDR_4_3,189c1,100,54148400
Memory_Section_User_TLB_DDR_2_1_20,User_TLB_DDR_2_1,28c594,1000,445ae000
Memory_Section_User_TLB_DDR_2_2_21,User_TLB_DDR_2_2,25a699,100,49ca3f00
Memory_Section_User_TLB_DDR_4_7_4,User_TLB_DDR_4_7,23222,400,5482f400
Memory_Section_User_TLB_DDR_2_1_4,User_TLB_DDR_2_1,29d14f,40,468a8900
Memory_Section_User_TLB_DDR_3_4_32,User_TLB_DDR_3_4,31306,400,5032f400
Memory_Section_User_TLB_DDR_3_4_13,User_TLB_DDR_3_4,3a7a3,400,502f4c00
Memory_Section_User_TLB_DDR_4_7_34,User_TLB_DDR_4_7,11dc7,1000,54813000
Memory_Section_User_TLB_DDR_6_0_30,User_TLB_DDR_6_0,970,400,55104400
Memory_Section_User_TLB_DDR_6_2_5,User_TLB_DDR_6_2,5c0,400,55136800
Memory_Section_User_TLB_DDR_6_0_1,User_TLB_DDR_6_0,969,100,55106e00
Memory_Section_User_TLB_DDR_2_4_17,User_TLB_DDR_2_4,2f49a5,4,4f48eb08
Memory_Section_User_TLB_DDR_5_1_6,User_TLB_DDR_5_1,1faa,40,550e4e80
Memory_Section_User_TLB_DDR_6_3_4,User_TLB_DDR_6_3,15b,100,55112900
Memory_Section_User_TLB_DDR_1_1_27,User_TLB_DDR_1_1,472466,1000,2177c000
Memory_Section_User_TLB_DDR_2_3_20,User_TLB_DDR_2_3,158dc3,1000,4097e000
Memory_Section_User_TLB_DDR_5_1_20,User_TLB_DDR_5_1,2a95,100,550d5c00
Memory_Section_User_TLB_DDR_1_5_31,User_TLB_DDR_1_5,558b04,40,393edf80
Memory_Section_User_TLB_DDR_4_5_2,User_TLB_DDR_4_5,17e0f,40,54693940
Memory_Section_User_TLB_DDR_1_2_28,User_TLB_DDR_1_2,c25b9e,1000,10c69000
Memory_Section_User_TLB_DDR_5_1_18,User_TLB_DDR_5_1,11e9,40,550eb180
Memory_Section_User_TLB_DDR_4_3_24,User_TLB_DDR_4_3,2e40e,10,542db140
Memory_Section_User_TLB_DDR_4_5_17,User_TLB_DDR_4_5,d93c,400,544fac00
Memory_Section_User_TLB_DDR_2_4_32,User_TLB_DDR_2_4,af2f2,4,4ff7c16c
Memory_Section_User_TLB_DDR_6_0_2,User_TLB_DDR_6_0,379,100,5510a700
Memory_Section_User_TLB_DDR_1_3_0,User_TLB_DDR_1_3,9be977,1000,1ee3000
Memory_Section_User_TLB_DDR_5_4_8,User_TLB_DDR_5_4,22e9,1000,55084000
Memory_Section_User_TLB_DDR_2_3_31,User_TLB_DDR_2_3,bd4f1,40,42c8de40
Memory_Section_User_TLB_DDR_3_1_23,User_TLB_DDR_3_1,d526,400,516b5400
Memory_Section_User_TLB_DDR_3_3_28,User_TLB_DDR_3_3,7e610,400,52361000
Memory_Section_User_TLB_DDR_4_4_25,User_TLB_DDR_4_4,2be18,4,54eeaae8
Memory_Section_User_TLB_DDR_2_4_14,User_TLB_DDR_2_4,2c7392,400,4ca42400
Memory_Section_User_TLB_DDR_4_7_10,User_TLB_DDR_4_7,4b20,10,54b93b30
Memory_Section_User_TLB_DDR_2_1_29,User_TLB_DDR_2_1,31ca08,100,456cbf00
Memory_Section_User_TLB_DDR_3_3_26,User_TLB_DDR_3_3,8ff14,400,522d1000
Memory_Section_User_TLB_DDR_1_3_25,User_TLB_DDR_1_3,a82dd6,1000,0
Memory_Section_User_TLB_DDR_6_4_20,User_TLB_DDR_6_4,659,400,55126800
Memory_Section_User_TLB_DDR_2_3_35,User_TLB_DDR_2_3,2e59a9,40,426e2340
Memory_Section_User_TLB_DDR_5_4_11,User_TLB_DDR_5_4,ae6,40,55083280
Memory_Section_User_TLB_DDR_2_4_18,User_TLB_DDR_2_4,193af5,40,4eb43080
Memory_Section_User_TLB_DDR_1_2_24,User_TLB_DDR_1_2,6f1689,10,1c4a3080
Memory_Section_User_TLB_DDR_6_3_9,User_TLB_DDR_6_3,1c6,400,55117000
Memory_Section_User_TLB_DDR_3_3_15,User_TLB_DDR_3_3,1e2e4,100,528a5f00
Memory_Section_User_TLB_DDR_5_5_19,User_TLB_DDR_5_5,1276,40,5502e780
Memory_Section_User_TLB_DDR_4_7_21,User_TLB_DDR_4_7,8b73,100,54934f00
Memory_Section_User_TLB_DDR_5_3_32,User_TLB_DDR_5_3,152,100,55041d00
Memory_Section_User_TLB_DDR_6_4_29,User_TLB_DDR_6_4,a29,400,55128000
Memory_Section_User_TLB_DDR_6_2_12,User_TLB_DDR_6_2,55c,100,55133a00
Memory_Section_User_TLB_DDR_6_2_27,User_TLB_DDR_6_2,c93,10,5513ca00
Memory_Section_User_TLB_DDR_2_3_37,User_TLB_DDR_2_3,163419,10,43408ae0
Memory_Section_User_TLB_DDR_5_1_36,User_TLB_DDR_5_1,1e3,400,550c5400
Memory_Section_User_TLB_DDR_6_0_17,User_TLB_DDR_6_0,7f6,100,55108200
Memory_Section_User_TLB_DDR_3_1_30,User_TLB_DDR_3_1,bc733,100,51796c00
Memory_Section_User_TLB_DDR_6_0_26,User_TLB_DDR_6_0,76d,100,55109a00
Memory_Section_User_TLB_DDR_2_2_32,User_TLB_DDR_2_2,1ae683,400,491d8c00
Memory_Section_User_TLB_DDR_6_4_25,User_TLB_DDR_6_4,a34,40,5512a180
Memory_Section_User_TLB_DDR_2_4_23,User_TLB_DDR_2_4,3db3c,1000,4c6ea000
Memory_Section_User_TLB_DDR_5_4_24,User_TLB_DDR_5_4,1906,10,550b5040
Memory_Section_User_TLB_DDR_1_5_37,User_TLB_DDR_1_5,5636e9,100,3671e100
Memory_Section_User_TLB_DDR_6_4_18,User_TLB_DDR_6_4,7d9,400,55124800
Memory_Section_User_TLB_DDR_2_4_27,User_TLB_DDR_2_4,2c5abf,40,4e499680
Memory_Section_User_TLB_DDR_1_2_12,User_TLB_DDR_1_2,bc5f76,10,1b8dd100
Memory_Section_User_TLB_DDR_3_0_36,User_TLB_DDR_3_0,27a20,400,534dac00
Memory_Section_User_TLB_DDR_2_3_12,User_TLB_DDR_2_3,2bc403,400,40dee000
Memory_Section_User_TLB_DDR_6_4_23,User_TLB_DDR_6_4,add,400,55127400
Memory_Section_User_TLB_DDR_3_0_14,User_TLB_DDR_3_0,767d5,10,53aa4240
Memory_Section_User_TLB_DDR_6_2_39,User_TLB_DDR_6_2,1fd,10,551365f0
Memory_Section_User_TLB_DDR_6_2_16,User_TLB_DDR_6_2,c80,1000,55130000
Memory_Section_User_TLB_DDR_2_2_39,User_TLB_DDR_2_2,b7c88,40,4aa5b100
Memory_Section_User_TLB_DDR_3_0_7,User_TLB_DDR_3_0,a78b9,40,53692000
Memory_Section_User_TLB_DDR_2_1_0,User_TLB_DDR_2_1,12af8,400,456b9400
Memory_Section_User_TLB_DDR_4_3_35,User_TLB_DDR_4_3,198a5,100,5412eb00
Memory_Section_User_TLB_DDR_2_4_10,User_TLB_DDR_2_4,3066ba,40,4e192fc0
Memory_Section_User_TLB_DDR_2_3_10,User_TLB_DDR_2_3,1d6d94,400,410aa800
Memory_Section_User_TLB_DDR_5_3_31,User_TLB_DDR_5_3,16e2,1000,55040000
Memory_Section_User_TLB_DDR_3_4_25,User_TLB_DDR_3_4,52a9b,10,50b84a60
Memory_Section_User_TLB_DDR_4_3_33,User_TLB_DDR_4_3,1a01,1000,5404e000
Memory_Section_User_TLB_DDR_4_4_5,User_TLB_DDR_4_4,18673,40,54dc8580
Memory_Section_User_TLB_DDR_5_5_35,User_TLB_DDR_5_5,2f8d,4,55035340
Memory_Section_User_TLB_DDR_5_1_34,User_TLB_DDR_5_1,1f9f,4,550fd660
Memory_Section_User_TLB_DDR_1_3_22,User_TLB_DDR_1_3,14b1c5,100,5d8cb00
Memory_Section_User_TLB_DDR_2_1_2,User_TLB_DDR_2_1,ad672,100,46485e00
Memory_Section_User_TLB_DDR_6_4_35,User_TLB_DDR_6_4,543,10,5512dfd0
Memory_Section_User_TLB_DDR_5_1_7,User_TLB_DDR_5_1,24a5,4,550fb1b8
Memory_Section_User_TLB_DDR_2_1_1,User_TLB_DDR_2_1,172c4d,400,45485000
Memory_Section_User_TLB_DDR_4_5_14,User_TLB_DDR_4_5,26c5a,400,544bec00
Memory_Section_User_TLB_DDR_3_3_25,User_TLB_DDR_3_3,60e96,400,523df800
Memory_Section_User_TLB_DDR_5_4_26,User_TLB_DDR_5_4,1bc9,1000,55087000
Memory_Section_User_TLB_DDR_4_5_27,User_TLB_DDR_4_5,236bc,1000,5442a000
Memory_Section_User_TLB_DDR_2_4_4,User_TLB_DDR_2_4,19d5e1,400,4d39e800
Memory_Section_User_TLB_DDR_6_2_18,User_TLB_DDR_6_2,577,10,5513e9b0
Memory_Section_User_TLB_DDR_5_5_21,User_TLB_DDR_5_5,18d4,400,5501f400
Memory_Section_User_TLB_DDR_6_0_12,User_TLB_DDR_6_0,761,1000,55102000
Memory_Section_User_TLB_DDR_3_3_4,User_TLB_DDR_3_3,c6938,4,52cfd828
Memory_Section_User_TLB_DDR_4_3_31,User_TLB_DDR_4_3,23291,1000,54024000
Memory_Section_User_TLB_DDR_3_4_12,User_TLB_DDR_3_4,78e3d,40,506dffc0
Memory_Section_User_TLB_DDR_1_2_31,User_TLB_DDR_1_2,1205f6,400,18013800
Memory_Section_User_TLB_DDR_2_4_36,User_TLB_DDR_2_4,2b59bb,100,4dedd600
Memory_Section_User_TLB_DDR_2_2_1,User_TLB_DDR_2_2,102496,40,4a958c40
Memory_Section_User_TLB_DDR_2_1_7,User_TLB_DDR_2_1,228f3,400,45696800
Memory_Section_User_TLB_DDR_2_3_6,User_TLB_DDR_2_3,156398,10,4356bf00
Memory_Section_User_TLB_DDR_6_2_14,User_TLB_DDR_6_2,496,10,5513ef30
Memory_Section_User_TLB_DDR_1_2_27,User_TLB_DDR_1_2,cb8515,100,1815ed00
Memory_Section_User_TLB_DDR_1_2_18,User_TLB_DDR_1_2,759f44,4,1f1da1d8
Memory_Section_User_TLB_DDR_5_5_15,User_TLB_DDR_5_5,1656,40,5502d100
Memory_Section_User_TLB_DDR_1_2_19,User_TLB_DDR_1_2,3646b7,1000,148b7000
Memory_Section_User_TLB_DDR_5_5_34,User_TLB_DDR_5_5,22c4,400,5501b400
Memory_Section_User_TLB_DDR_4_7_8,User_TLB_DDR_4_7,6529,100,5493db00
Memory_Section_User_TLB_DDR_5_3_6,User_TLB_DDR_5_3,6cf,1000,55044000
Memory_Section_User_TLB_DDR_4_4_7,User_TLB_DDR_4_4,15419,4,54fdb33c
Memory_Section_User_TLB_DDR_2_4_25,User_TLB_DDR_2_4,245347,40,4e75f140
Memory_Section_User_TLB_DDR_4_3_17,User_TLB_DDR_4_3,4b18,100,54199000
Memory_Section_User_TLB_DDR_6_4_34,User_TLB_DDR_6_4,841,10,5512c240
Memory_Section_User_TLB_DDR_6_0_3,User_TLB_DDR_6_0,a05,100,55106300
Memory_Section_User_TLB_DDR_3_0_16,User_TLB_DDR_3_0,8ab33,4,53eb8b98
Memory_Section_User_TLB_DDR_4_4_9,User_TLB_DDR_4_4,17d8f,400,54cd4800
Memory_Section_User_TLB_DDR_4_4_19,User_TLB_DDR_4_4,30126,4,54eba9c0
Memory_Section_User_TLB_DDR_3_1_15,User_TLB_DDR_3_1,b5f60,400,51284400
Memory_Section_User_TLB_DDR_1_5_6,User_TLB_DDR_1_5,77ab10,100,35fa3500
Memory_Section_User_TLB_DDR_4_5_3,User_TLB_DDR_4_5,1d108,40,54676800
Memory_Section_User_TLB_DDR_2_4_0,User_TLB_DDR_2_4,2b9fc4,400,4cd09800
Memory_Section_User_TLB_DDR_2_3_29,User_TLB_DDR_2_3,26a190,10,430069b0
Memory_Section_User_TLB_DDR_3_0_38,User_TLB_DDR_3_0,34308,40,538b6080
Memory_Section_User_TLB_DDR_2_3_4,User_TLB_DDR_2_3,141771,4,43df1da0
Memory_Section_User_TLB_DDR_6_2_29,User_TLB_DDR_6_2,a3,100,55130d00
Memory_Section_User_TLB_DDR_4_3_12,User_TLB_DDR_4_3,24a37,10,5435eb90
Memory_Section_User_TLB_DDR_3_0_26,User_TLB_DDR_3_0,400d3,400,53460800
Memory_Section_User_TLB_DDR_1_5_22,User_TLB_DDR_1_5,c42de5,40,36c81800
Memory_Section_User_TLB_DDR_2_2_36,User_TLB_DDR_2_2,48ccb,100,4a2da800
Memory_Section_User_TLB_DDR_5_4_20,User_TLB_DDR_5_4,266c,10,550b29d0
Memory_Section_User_TLB_DDR_4_4_35,User_TLB_DDR_4_4,20603,4,54f66c40
Memory_Section_User_TLB_DDR_5_4_27,User_TLB_DDR_5_4,272c,400,5508fc00
Memory_Section_User_TLB_DDR_4_4_18,User_TLB_DDR_4_4,1599e,40,54de0c00
Memory_Section_User_TLB_DDR_1_5_2,User_TLB_DDR_1_5,9f4c38,1000,31704000
Memory_Section_User_TLB_DDR_3_4_35,User_TLB_DDR_3_4,4be5a,100,50562f00
Memory_Section_User_TLB_DDR_1_3_28,User_TLB_DDR_1_3,663459,40,7bb3140
Memory_Section_User_TLB_DDR_4_3_10,User_TLB_DDR_4_3,f26d,100,54170c00
Memory_Section_User_TLB_DDR_3_1_9,User_TLB_DDR_3_1,bdb75,10,51cd27c0
Memory_Section_User_TLB_DDR_3_1_39,User_TLB_DDR_3_1,b0e1c,400,514a2800
Memory_Section_User_TLB_DDR_6_0_31,User_TLB_DDR_6_0,e6,100,55100e00
Memory_Section_User_TLB_DDR_1_5_29,User_TLB_DDR_1_5,2f14be,400,350ad400
Memory_Section_User_TLB_DDR_1_1_22,User_TLB_DDR_1_1,80ba20,100,253b1d00
Memory_Section_User_TLB_DDR_2_3_30,User_TLB_DDR_2_3,13e5af,4,43f33514
Memory_Section_User_TLB_DDR_3_4_24,User_TLB_DDR_3_4,82af4,1000,5017a000
Memory_Section_User_TLB_DDR_6_3_29,User_TLB_DDR_6_3,ccc,100,55117200
Memory_Section_User_TLB_DDR_1_3_34,User_TLB_DDR_1_3,6476da,40,82165c0
Memory_Section_User_TLB_DDR_4_4_12,User_TLB_DDR_4_4,2d049,400,54c60000
Memory_Section_User_TLB_DDR_3_4_30,User_TLB_DDR_3_4,cb2b0,10,507ab6a0
Memory_Section_User_TLB_DDR_1_5_24,User_TLB_DDR_1_5,1c6679,10,3c1619a0
Memory_Section_User_TLB_DDR_6_4_4,User_TLB_DDR_6_4,3e6,10,5512e520
Memory_Section_User_TLB_DDR_5_5_10,User_TLB_DDR_5_5,d48,400,55023400
Memory_Section_User_TLB_DDR_3_4_17,User_TLB_DDR_3_4,1e441,400,50387400
Memory_Section_User_TLB_DDR_5_5_41,User_TLB_DDR_5_5,152a,1000,55016000
Memory_Section_User_TLB_DDR_5_1_15,User_TLB_DDR_5_1,fc9,100,550dca00
Memory_Section_User_TLB_DDR_6_0_38,User_TLB_DDR_6_0,790,1000,55101000
Memory_Section_User_TLB_DDR_2_4_15,User_TLB_DDR_2_4,148289,400,4d6a5400
Memory_Section_User_TLB_DDR_2_2_24,User_TLB_DDR_2_2,15677e,100,4a0ae600
Memory_Section_User_TLB_DDR_6_3_35,User_TLB_DDR_6_3,93c,40,5511a280
Memory_Section_User_TLB_DDR_2_2_10,User_TLB_DDR_2_2,68bac,400,49668000
Memory_Section_User_TLB_DDR_3_3_5,User_TLB_DDR_3_3,b5d6f,1000,520c3000
Memory_Section_User_TLB_DDR_4_5_24,User_TLB_DDR_4_5,30d6c,10,546de3f0
Memory_Section_User_TLB_DDR_1_3_27,User_TLB_DDR_1_3,54171f,4,f201dd0
Memory_Section_User_TLB_DDR_3_1_21,User_TLB_DDR_3_1,b3a90,400,513eec00
Memory_Section_User_TLB_DDR_3_3_27,User_TLB_DDR_3_3,c28d3,1000,52000000
Memory_Section_User_TLB_DDR_5_1_9,User_TLB_DDR_5_1,2205,40,550e2c40
Memory_Section_User_TLB_DDR_6_2_23,User_TLB_DDR_6_2,8a3,10,5513e100
Memory_Section_User_TLB_DDR_1_1_14,User_TLB_DDR_1_1,cb74e1,40,2636c500
Memory_Section_User_TLB_DDR_4_5_10,User_TLB_DDR_4_5,2f17a,100,54508600
Memory_Section_User_TLB_DDR_3_1_12,User_TLB_DDR_3_1,24542,10,51f6b850
Memory_Section_User_TLB_DDR_3_3_24,User_TLB_DDR_3_3,60b0d,100,52793100
Memory_Section_User_TLB_DDR_3_4_9,User_TLB_DDR_3_4,26aa2,400,50360800
Memory_Section_User_TLB_DDR_5_5_22,User_TLB_DDR_5_5,1b9f,40,5502b540
Memory_Section_User_TLB_DDR_6_4_21,User_TLB_DDR_6_4,c44,10,5512abc0
Memory_Section_User_TLB_DDR_1_5_13,User_TLB_DDR_1_5,6d63ef,1000,320f9000
Memory_Section_User_TLB_DDR_3_1_32,User_TLB_DDR_3_1,8b908,40,51b65500
Memory_Section_User_TLB_DDR_6_2_24,User_TLB_DDR_6_2,6b5,40,55134840
Memory_Section_User_TLB_DDR_1_2_4,User_TLB_DDR_1_2,791f47,4,1ea48290
Memory_Section_User_TLB_DDR_5_1_37,User_TLB_DDR_5_1,11f9,40,550e9f80
Memory_Section_User_TLB_DDR_5_3_19,User_TLB_DDR_5_3,23d7,4,55077a2c
Memory_Section_User_TLB_DDR_3_1_33,User_TLB_DDR_3_1,bb5f2,400,511c8c00
Memory_Section_User_TLB_DDR_4_3_3,User_TLB_DDR_4_3,157eb,40,54250fc0
Memory_Section_User_TLB_DDR_4_5_4,User_TLB_DDR_4_5,2b7d,100,545ec500
Memory_Section_User_TLB_DDR_3_4_16,User_TLB_DDR_3_4,52892,40,50758e00
Memory_Section_User_TLB_DDR_2_1_3,User_TLB_DDR_2_1,170131,40,4722f5c0
Memory_Section_User_TLB_DDR_3_4_31,User_TLB_DDR_3_4,229c5,10,50bd7500
Memory_Section_User_TLB_DDR_2_2_9,User_TLB_DDR_2_2,10376c,40,4a8554c0
Memory_Section_User_TLB_DDR_4_7_3,User_TLB_DDR_4_7,24650,10,54b44030
Memory_Section_User_TLB_DDR_6_0_24,User_TLB_DDR_6_0,ca8,10,5510c8f0
Memory_Section_User_TLB_DDR_3_4_29,User_TLB_DDR_3_4,7e258,4,50eab790
Memory_Section_User_TLB_DDR_3_4_5,User_TLB_DDR_3_4,3df36,1000,501fd000
Memory_Section_User_TLB_DDR_2_3_27,User_TLB_DDR_2_3,3150f5,1000,40000000
Memory_Section_User_TLB_DDR_6_3_3,User_TLB_DDR_6_3,7f4,10,5511c2c0
Memory_Section_User_TLB_DDR_2_3_24,User_TLB_DDR_2_3,19b15e,100,422e0200
Memory_Section_User_TLB_DDR_2_3_5,User_TLB_DDR_2_3,2e72ec,100,41974d00
Memory_Section_User_TLB_DDR_6_2_8,User_TLB_DDR_6_2,41f,40,5513c1c0
Memory_Section_User_TLB_DDR_1_5_28,User_TLB_DDR_1_5,5c84d6,1000,32e1f000
Memory_Section_User_TLB_DDR_1_2_29,User_TLB_DDR_1_2,b45a04,1000,1188f000
Memory_Section_User_TLB_DDR_3_4_36,User_TLB_DDR_3_4,9cdff,100,503afa00
Memory_Section_User_TLB_DDR_4_4_22,User_TLB_DDR_4_4,1f2d4,4,54f87244
Memory_Section_User_TLB_DDR_1_1_39,User_TLB_DDR_1_1,ba2d2,1000,2217c000
Memory_Section_User_TLB_DDR_2_3_11,User_TLB_DDR_2_3,1e4e10,1000,40610000
Memory_Section_User_TLB_DDR_3_0_12,User_TLB_DDR_3_0,bb9d2,10,539e8860
Memory_Section_User_TLB_DDR_5_5_25,User_TLB_DDR_5_5,16dd,10,55032410
Memory_Section_User_TLB_DDR_4_5_21,User_TLB_DDR_4_5,1e7b9,1000,5446e000
Memory_Section_User_TLB_DDR_2_4_26,User_TLB_DDR_2_4,19ebbb,40,4e9a44c0
Memory_Section_User_TLB_DDR_6_4_9,User_TLB_DDR_6_4,a24,10,5512b810
Memory_Section_User_TLB_DDR_4_7_31,User_TLB_DDR_4_7,14260,40,54ab9740
Memory_Section_User_TLB_DDR_5_4_14,User_TLB_DDR_5_4,15f2,400,55097800
Memory_Section_User_TLB_DDR_1_3_24,User_TLB_DDR_1_3,a7679b,10,aaf2870
Memory_Section_User_TLB_DDR_2_3_38,User_TLB_DDR_2_3,2bb667,10,42d4b340
Memory_Section_User_TLB_DDR_1_2_17,User_TLB_DDR_1_2,9e73fb,1000,123d5000
Memory_Section_User_TLB_DDR_5_3_4,User_TLB_DDR_5_3,26de,100,55050300
Memory_Section_User_TLB_DDR_5_5_9,User_TLB_DDR_5_5,6d,100,55003e00
Memory_Section_User_TLB_DDR_3_0_17,User_TLB_DDR_3_0,991cb,4,53e1f9cc
Memory_Section_User_TLB_DDR_2_4_31,User_TLB_DDR_2_4,29ea84,4,4f7834b0
Memory_Section_User_TLB_DDR_4_4_23,User_TLB_DDR_4_4,2e3c2,10,54e0bb10
Memory_Section_User_TLB_DDR_1_2_10,User_TLB_DDR_1_2,2ac717,40,1b40d980
Memory_Section_User_TLB_DDR_5_4_6,User_TLB_DDR_5_4,e6f,1000,5508b000
Memory_Section_User_TLB_DDR_3_4_4,User_TLB_DDR_3_4,a52e6,10,50926360
Memory_Section_User_TLB_DDR_6_0_20,User_TLB_DDR_6_0,7bd,100,55109200
Memory_Section_User_TLB_DDR_5_5_24,User_TLB_DDR_5_5,4ec,100,55003900
Memory_Section_User_TLB_DDR_5_3_3,User_TLB_DDR_5_3,cce,10,55069410
Memory_Section_User_TLB_DDR_2_4_34,User_TLB_DDR_2_4,329812,10,4ecd6b80
Memory_Section_User_TLB_DDR_5_3_13,User_TLB_DDR_5_3,ecc,4,5507f980
Memory_Section_User_TLB_DDR_5_1_4,User_TLB_DDR_5_1,2ae5,4,550f5cac
Memory_Section_User_TLB_DDR_5_5_26,User_TLB_DDR_5_5,31f,400,55003400
Memory_Section_User_TLB_DDR_2_2_34,User_TLB_DDR_2_2,888d9,400,495df400
Memory_Section_User_TLB_DDR_2_2_16,User_TLB_DDR_2_2,10fdc8,1000,48c54000
Memory_Section_User_TLB_DDR_4_5_30,User_TLB_DDR_4_5,1d80c,100,54589a00
Memory_Section_User_TLB_DDR_1_5_5,User_TLB_DDR_1_5,b093a5,10,3b6585f0
Memory_Section_User_TLB_DDR_5_4_23,User_TLB_DDR_5_4,170f,40,550b12c0
Memory_Section_User_TLB_DDR_3_0_5,User_TLB_DDR_3_0,1e7a6,1000,53204000
Memory_Section_User_TLB_DDR_5_1_0,User_TLB_DDR_5_1,19d6,1000,550c6000
Memory_Section_User_TLB_DDR_4_5_18,User_TLB_DDR_4_5,29565,1000,54400000
Memory_Section_User_TLB_DDR_6_2_3,User_TLB_DDR_6_2,897,100,55138a00
Memory_Section_User_TLB_DDR_1_3_10,User_TLB_DDR_1_3,473745,100,54ea400
Memory_Section_User_TLB_DDR_5_5_31,User_TLB_DDR_5_5,1ef2,40,55029640
Memory_Section_User_TLB_DDR_2_2_31,User_TLB_DDR_2_2,1481e1,4,4bd8a178
Memory_Section_User_TLB_DDR_6_3_14,User_TLB_DDR_6_3,286,400,55112c00
Memory_Section_User_TLB_DDR_1_1_36,User_TLB_DDR_1_1,b6b2cf,4,2c53a6e4
Memory_Section_User_TLB_DDR_6_2_22,User_TLB_DDR_6_2,bf3,1000,55131000
Memory_Section_User_TLB_DDR_1_2_9,User_TLB_DDR_1_2,7420b4,4,1f93411c
Memory_Section_User_TLB_DDR_2_3_15,User_TLB_DDR_2_3,31aaf3,100,4165a200
Memory_Section_User_TLB_DDR_5_1_25,User_TLB_DDR_5_1,165b,40,550e8900
Memory_Section_User_TLB_DDR_4_3_14,User_TLB_DDR_4_3,1b154,400,5409b400
Memory_Section_User_TLB_DDR_2_4_20,User_TLB_DDR_2_4,499d8,10,4f41d0c0
Memory_Section_User_TLB_DDR_5_4_1,User_TLB_DDR_5_4,2295,4,550bda90
Memory_Section_User_TLB_DDR_3_0_21,User_TLB_DDR_3_0,16883,100,53666b00
Memory_Section_User_TLB_DDR_2_1_36,User_TLB_DDR_2_1,216338,1000,4483b000
Memory_Section_User_TLB_DDR_3_4_23,User_TLB_DDR_3_4,99b9,100,50620e00
Memory_Section_User_TLB_DDR_6_3_24,User_TLB_DDR_6_3,81c,40,5511abc0
Memory_Section_User_TLB_DDR_5_5_1,User_TLB_DDR_5_5,3302,1000,55000000
Memory_Section_User_TLB_DDR_4_4_1,User_TLB_DDR_4_4,193ef,4,54fc1f4c
Memory_Section_User_TLB_DDR_3_4_0,User_TLB_DDR_3_4,a364c,10,509cb650
Memory_Section_User_TLB_DDR_1_1_16,User_TLB_DDR_1_1,83bb8,400,23e5c000
Memory_Section_User_TLB_DDR_1_3_16,User_TLB_DDR_1_3,a0ca24,1000,14d6000
Memory_Section_User_TLB_DDR_5_1_1,User_TLB_DDR_5_1,1f79,100,550daa00
Memory_Section_User_TLB_DDR_1_5_30,User_TLB_DDR_1_5,656198,4,3efc1f18
Memory_Section_User_TLB_DDR_1_2_13,User_TLB_DDR_1_2,52e2ac,40,1aedf6c0
Memory_Section_User_TLB_DDR_1_5_25,User_TLB_DDR_1_5,c2069f,1000,30000000
Memory_Section_User_TLB_DDR_2_1_21,User_TLB_DDR_2_1,62b90,1000,44a52000
Memory_Section_User_TLB_DDR_4_5_15,User_TLB_DDR_4_5,14f0c,400,544e5c00
Memory_Section_User_TLB_DDR_4_7_18,User_TLB_DDR_4_7,20940,400,54852800
Memory_Section_User_TLB_DDR_4_3_13,User_TLB_DDR_4_3,2d76c,400,5404fc00
Memory_Section_User_TLB_DDR_2_4_9,User_TLB_DDR_2_4,1b0666,400,4d1ee000
Memory_Section_User_TLB_DDR_4_7_17,User_TLB_DDR_4_7,2a5a9,40,549ff540
Memory_Section_User_TLB_DDR_1_1_5,User_TLB_DDR_1_1,2422e1,10,2c2f8400
Memory_Section_User_TLB_DDR_1_2_33,User_TLB_DDR_1_2,8cb4bb,400,1741f400
Memory_Section_User_TLB_DDR_3_0_31,User_TLB_DDR_3_0,5f25c,40,53856e00
Memory_Section_User_TLB_DDR_6_3_16,User_TLB_DDR_6_3,5a9,40,5511b400
Memory_Section_User_TLB_DDR_2_1_28,User_TLB_DDR_2_1,2a3fc0,400,44dcfc00
Memory_Section_User_TLB_DDR_1_2_34,User_TLB_DDR_1_2,a6c753,40,1a472f40
Memory_Section_User_TLB_DDR_1_1_41,User_TLB_DDR_1_1,c5b27d,10,2760b3e0
Memory_Section_User_TLB_DDR_6_2_13,User_TLB_DDR_6_2,a26,40,55139ac0
Memory_Section_User_TLB_DDR_2_4_11,User_TLB_DDR_2_4,1d3c81,4,4fcaa534
Memory_Section_User_TLB_DDR_2_2_6,User_TLB_DDR_2_2,5e302,10,4b65de30
Memory_Section_User_TLB_DDR_2_1_22,User_TLB_DDR_2_1,9e518,400,455f8000
Memory_Section_User_TLB_DDR_1_5_38,User_TLB_DDR_1_5,78dfae,400,33f58000
Memory_Section_User_TLB_DDR_3_4_21,User_TLB_DDR_3_4,ad098,4,50d5f860
Memory_Section_User_TLB_DDR_3_1_14,User_TLB_DDR_3_1,a6a,1000,511c8000
Memory_Section_User_TLB_DDR_5_3_14,User_TLB_DDR_5_3,1394,1000,55042000
Memory_Section_User_TLB_DDR_6_0_9,User_TLB_DDR_6_0,8e2,10,5510d5a0
Memory_Section_User_TLB_DDR_3_3_13,User_TLB_DDR_3_3,b85b2,40,52991080
Memory_Section_User_TLB_DDR_4_5_11,User_TLB_DDR_4_5,29723,100,54537800
Memory_Section_User_TLB_DDR_6_3_6,User_TLB_DDR_6_3,810,400,55115c00
Memory_Section_User_TLB_DDR_1_2_25,User_TLB_DDR_1_2,3584b2,100,19502a00
Memory_Section_User_TLB_DDR_1_5_33,User_TLB_DDR_1_5,2831e3,40,39946ac0
Memory_Section_User_TLB_DDR_6_0_33,User_TLB_DDR_6_0,c54,400,55102800
Memory_Section_User_TLB_DDR_6_4_15,User_TLB_DDR_6_4,77f,1000,55124000
Memory_Section_User_TLB_DDR_5_4_15,User_TLB_DDR_5_4,8a4,40,55086300
Memory_Section_User_TLB_DDR_5_5_13,User_TLB_DDR_5_5,66f,40,55017540
Memory_Section_User_TLB_DDR_4_3_32,User_TLB_DDR_4_3,2f479,100,540ff600
Memory_Section_User_TLB_DDR_4_4_32,User_TLB_DDR_4_4,20473,10,54e5f160
Memory_Section_User_TLB_DDR_5_3_30,User_TLB_DDR_5_3,22a1,40,5505a280
Memory_Section_User_TLB_DDR_4_7_7,User_TLB_DDR_4_7,222aa,4,54befaac
Memory_Section_User_TLB_DDR_5_1_12,User_TLB_DDR_5_1,27a1,10,550f0680
Memory_Section_User_TLB_DDR_5_5_40,User_TLB_DDR_5_5,106e,40,5502fa00
Memory_Section_User_TLB_DDR_2_3_1,User_TLB_DDR_2_3,1b361b,4,439543d8
Memory_Section_User_TLB_DDR_4_7_33,User_TLB_DDR_4_7,1cd67,40,54a509c0
Memory_Section_User_TLB_DDR_4_3_18,User_TLB_DDR_4_3,1cb02,10,543835d0
Memory_Section_User_TLB_DDR_5_1_35,User_TLB_DDR_5_1,a3c,10,550c9570
Memory_Section_User_TLB_DDR_2_4_1,User_TLB_DDR_2_4,22a450,400,4cfc3800
Memory_Section_User_TLB_DDR_5_3_20,User_TLB_DDR_5_3,23fd,4,5507562c
Memory_Section_User_TLB_DDR_2_1_17,User_TLB_DDR_2_1,29337f,40,46b45a80
Memory_Section_User_TLB_DDR_6_4_24,User_TLB_DDR_6_4,80a,10,5512ca90
Memory_Section_User_TLB_DDR_1_3_9,User_TLB_DDR_1_3,601ebd,40,885dcc0
Memory_Section_User_TLB_DDR_3_1_34,User_TLB_DDR_3_1,23a39,40,51caed80
Memory_Section_User_TLB_DDR_3_0_25,User_TLB_DDR_3_0,5e240,4,53fa5cd8
Memory_Section_User_TLB_DDR_5_3_38,User_TLB_DDR_5_3,3d7,1000,55045000
Memory_Section_User_TLB_DDR_1_5_27,User_TLB_DDR_1_5,e8fae,1000,333e8000
Memory_Section_User_TLB_DDR_3_4_18,User_TLB_DDR_3_4,cc06d,1000,50000000
Memory_Section_User_TLB_DDR_5_4_0,User_TLB_DDR_5_4,2a67,100,550a2c00
Memory_Section_User_TLB_DDR_3_4_22,User_TLB_DDR_3_4,b57f6,40,5062a7c0
Memory_Section_User_TLB_DDR_2_2_20,User_TLB_DDR_2_2,188ba1,4,4bc015d4
Memory_Section_User_TLB_DDR_3_1_25,User_TLB_DDR_3_1,9125d,4,51f8fd94
Memory_Section_User_TLB_DDR_2_1_18,User_TLB_DDR_2_1,a14fb,100,46533500
Memory_Section_User_TLB_DDR_2_4_30,User_TLB_DDR_2_4,f9de0,1000,4c553000
Memory_Section_User_TLB_DDR_5_1_28,User_TLB_DDR_5_1,6cf,1000,550cd000
Memory_Section_User_TLB_DDR_1_5_14,User_TLB_DDR_1_5,853d96,4,3e0915a8
Memory_Section_User_TLB_DDR_3_0_34,User_TLB_DDR_3_0,4f454,400,53411000
Memory_Section_User_TLB_DDR_6_2_32,User_TLB_DDR_6_2,932,100,55138000
Memory_Section_User_TLB_DDR_4_3_7,User_TLB_DDR_4_3,2c1bc,10,54309550
Memory_Section_User_TLB_DDR_3_4_7,User_TLB_DDR_3_4,b46ba,4,50bf9ec8
Memory_Section_User_TLB_DDR_3_1_37,User_TLB_DDR_3_1,25087,10,51f467c0
Memory_Section_User_TLB_DDR_6_2_10,User_TLB_DDR_6_2,823,1000,55134000
Memory_Section_User_TLB_DDR_4_5_22,User_TLB_DDR_4_5,8a8a,100,545e3a00
Memory_Section_User_TLB_DDR_5_5_17,User_TLB_DDR_5_5,2f1c,1000,5500f000
Memory_Section_User_TLB_DDR_4_7_35,User_TLB_DDR_4_7,1921e,40,54a88480
Memory_Section_User_TLB_DDR_3_0_9,User_TLB_DDR_3_0,39cab,400,534a0c00
Memory_Section_User_TLB_DDR_6_3_10,User_TLB_DDR_6_3,b92,1000,55111000
Memory_Section_User_TLB_DDR_5_4_35,User_TLB_DDR_5_4,747,1000,5508c000
Memory_Section_User_TLB_DDR_6_4_19,User_TLB_DDR_6_4,992,1000,55121000
Memory_Section_User_TLB_DDR_6_0_39,User_TLB_DDR_6_0,637,400,55105c00
Memory_Section_User_TLB_DDR_1_1_37,User_TLB_DDR_1_1,99f02f,4,2e621994
Memory_Section_User_TLB_DDR_2_1_25,User_TLB_DDR_2_1,25da90,100,45cbbc00
Memory_Section_User_TLB_DDR_1_1_6,User_TLB_DDR_1_1,7b914,400,23edfc00
Memory_Section_User_TLB_DDR_6_3_36,User_TLB_DDR_6_3,793,10,5511cac0
Memory_Section_User_TLB_DDR_4_4_13,User_TLB_DDR_4_4,965c,400,54cf8800
Memory_Section_User_TLB_DDR_3_0_32,User_TLB_DDR_3_0,cc56b,1000,53000000
